t,x,v
0,2,0
0.01,1.99991,-0.0172774
0.02,1.99967,-0.0300773
0.03,1.99932,-0.0395618
0.04,1.99889,-0.0465922
0.05,1.99839,-0.0518064
0.06,1.99785,-0.0556765
0.07,1.99728,-0.058552
0.08,1.99669,-0.0606914
0.09,1.99607,-0.0622858
0.1,1.99544,-0.0634769
0.11,1.9948,-0.0643694
0.12,1.99415,-0.0650406
0.13,1.9935,-0.065548
0.14,1.99284,-0.0659341
0.15,1.99218,-0.0662302
0.16,1.99152,-0.0664596
0.17,1.99085,-0.0666396
0.18,1.99019,-0.066783
0.19,1.98952,-0.0668992
0.2,1.98885,-0.0669953
0.21,1.98818,-0.0670765
0.22,1.98751,-0.0671466
0.23,1.98684,-0.0672085
0.24,1.98616,-0.0672643
0.25,1.98549,-0.0673156
0.26,1.98482,-0.0673636
0.27,1.98414,-0.0674091
0.28,1.98347,-0.0674529
0.29,1.98279,-0.0674953
0.3,1.98212,-0.0675367
0.31,1.98144,-0.0675775
0.32,1.98077,-0.0676177
0.33,1.98009,-0.0676576
0.34,1.97941,-0.0676972
0.35,1.97874,-0.0677367
0.36,1.97806,-0.0677761
0.37,1.97738,-0.0678154
0.38,1.9767,-0.0678546
0.39,1.97602,-0.0678939
0.4,1.97535,-0.0679332
0.41,1.97467,-0.0679725
0.42,1.97399,-0.0680119
0.43,1.97331,-0.0680513
0.44,1.97263,-0.0680908
0.45,1.97194,-0.0681303
0.46,1.97126,-0.0681699
0.47,1.97058,-0.0682096
0.48,1.9699,-0.0682493
0.49,1.96922,-0.0682891
0.5,1.96853,-0.068329
0.51,1.96785,-0.068369
0.52,1.96717,-0.068409
0.53,1.96648,-0.0684491
0.54,1.9658,-0.0684893
0.55,1.96511,-0.0685295
0.56,1.96443,-0.0685698
0.57,1.96374,-0.0686102
0.58,1.96305,-0.0686507
0.59,1.96237,-0.0686913
0.6,1.96168,-0.0687319
0.61,1.96099,-0.0687726
0.62,1.9603,-0.0688134
0.63,1.95962,-0.0688542
0.64,1.95893,-0.0688952
0.65,1.95824,-0.0689362
0.66,1.95755,-0.0689773
0.67,1.95686,-0.0690185
0.68,1.95617,-0.0690598
0.69,1.95548,-0.0691011
0.7,1.95479,-0.0691425
0.71,1.95409,-0.069184
0.72,1.9534,-0.0692256
0.73,1.95271,-0.0692672
0.74,1.95202,-0.069309
0.75,1.95132,-0.0693508
0.76,1.95063,-0.0693927
0.77,1.94994,-0.0694347
0.78,1.94924,-0.0694768
0.79,1.94855,-0.0695189
0.8,1.94785,-0.0695611
0.81,1.94715,-0.0696035
0.82,1.94646,-0.0696458
0.83,1.94576,-0.0696883
0.84,1.94506,-0.0697309
0.85,1.94437,-0.0697735
0.86,1.94367,-0.0698163
0.87,1.94297,-0.0698591
0.88,1.94227,-0.069902
0.89,1.94157,-0.069945
0.9,1.94087,-0.069988
0.91,1.94017,-0.0700312
0.92,1.93947,-0.0700744
0.93,1.93877,-0.0701178
0.94,1.93807,-0.0701612
0.95,1.93737,-0.0702047
0.96,1.93667,-0.0702483
0.97,1.93596,-0.070292
0.98,1.93526,-0.0703357
0.99,1.93456,-0.0703796
1,1.93385,-0.0704235
1.01,1.93315,-0.0704675
1.02,1.93244,-0.0705117
1.03,1.93174,-0.0705559
1.04,1.93103,-0.0706002
1.05,1.93033,-0.0706446
1.06,1.92962,-0.070689
1.07,1.92891,-0.0707336
1.08,1.9282,-0.0707783
1.09,1.9275,-0.070823
1.1,1.92679,-0.0708678
1.11,1.92608,-0.0709128
1.12,1.92537,-0.0709578
1.13,1.92466,-0.0710029
1.14,1.92395,-0.0710481
1.15,1.92324,-0.0710934
1.16,1.92253,-0.0711388
1.17,1.92182,-0.0711843
1.18,1.9211,-0.0712299
1.19,1.92039,-0.0712756
1.2,1.91968,-0.0713213
1.21,1.91897,-0.0713672
1.22,1.91825,-0.0714132
1.23,1.91754,-0.0714592
1.24,1.91682,-0.0715054
1.25,1.91611,-0.0715516
1.26,1.91539,-0.071598
1.27,1.91468,-0.0716444
1.28,1.91396,-0.0716909
1.29,1.91324,-0.0717376
1.3,1.91252,-0.0717843
1.31,1.91181,-0.0718311
1.32,1.91109,-0.0718781
1.33,1.91037,-0.0719251
1.34,1.90965,-0.0719722
1.35,1.90893,-0.0720195
1.36,1.90821,-0.0720668
1.37,1.90749,-0.0721142
1.38,1.90677,-0.0721617
1.39,1.90604,-0.0722094
1.4,1.90532,-0.0722571
1.41,1.9046,-0.0723049
1.42,1.90388,-0.0723529
1.43,1.90315,-0.0724009
1.44,1.90243,-0.0724491
1.45,1.9017,-0.0724973
1.46,1.90098,-0.0725457
1.47,1.90025,-0.0725941
1.48,1.89953,-0.0726427
1.49,1.8988,-0.0726913
1.5,1.89807,-0.0727401
1.51,1.89734,-0.072789
1.52,1.89662,-0.0728379
1.53,1.89589,-0.072887
1.54,1.89516,-0.0729362
1.55,1.89443,-0.0729855
1.56,1.8937,-0.0730349
1.57,1.89297,-0.0730844
1.58,1.89224,-0.0731341
1.59,1.89151,-0.0731838
1.6,1.89077,-0.0732336
1.61,1.89004,-0.0732836
1.62,1.88931,-0.0733336
1.63,1.88857,-0.0733838
1.64,1.88784,-0.0734341
1.65,1.88711,-0.0734845
1.66,1.88637,-0.073535
1.67,1.88563,-0.0735856
1.68,1.8849,-0.0736363
1.69,1.88416,-0.0736872
1.7,1.88342,-0.0737381
1.71,1.88269,-0.0737892
1.72,1.88195,-0.0738404
1.73,1.88121,-0.0738917
1.74,1.88047,-0.0739431
1.75,1.87973,-0.0739946
1.76,1.87899,-0.0740463
1.77,1.87825,-0.074098
1.78,1.87751,-0.0741499
1.79,1.87677,-0.0742019
1.8,1.87603,-0.074254
1.81,1.87528,-0.0743062
1.82,1.87454,-0.0743586
1.83,1.8738,-0.074411
1.84,1.87305,-0.0744636
1.85,1.87231,-0.0745163
1.86,1.87156,-0.0745692
1.87,1.87081,-0.0746221
1.88,1.87007,-0.0746752
1.89,1.86932,-0.0747284
1.9,1.86857,-0.0747817
1.91,1.86783,-0.0748351
1.92,1.86708,-0.0748887
1.93,1.86633,-0.0749424
1.94,1.86558,-0.0749962
1.95,1.86483,-0.0750501
1.96,1.86408,-0.0751041
1.97,1.86333,-0.0751583
1.98,1.86257,-0.0752126
1.99,1.86182,-0.0752671
2,1.86107,-0.0753216
2.01,1.86032,-0.0753763
2.02,1.85956,-0.0754311
2.03,1.85881,-0.0754861
2.04,1.85805,-0.0755412
2.05,1.8573,-0.0755964
2.06,1.85654,-0.0756517
2.07,1.85578,-0.0757072
2.08,1.85503,-0.0757628
2.09,1.85427,-0.0758185
2.1,1.85351,-0.0758743
2.11,1.85275,-0.0759303
2.12,1.85199,-0.0759865
2.13,1.85123,-0.0760427
2.14,1.85047,-0.0760991
2.15,1.84971,-0.0761556
2.16,1.84895,-0.0762123
2.17,1.84818,-0.0762691
2.18,1.84742,-0.076326
2.19,1.84666,-0.0763831
2.2,1.84589,-0.0764403
2.21,1.84513,-0.0764977
2.22,1.84436,-0.0765552
2.23,1.8436,-0.0766128
2.24,1.84283,-0.0766706
2.25,1.84206,-0.0767285
2.26,1.8413,-0.0767865
2.27,1.84053,-0.0768447
2.28,1.83976,-0.0769031
2.29,1.83899,-0.0769615
2.3,1.83822,-0.0770201
2.31,1.83745,-0.0770789
2.32,1.83668,-0.0771378
2.33,1.83591,-0.0771969
2.34,1.83513,-0.0772561
2.35,1.83436,-0.0773154
2.36,1.83359,-0.0773749
2.37,1.83281,-0.0774345
2.38,1.83204,-0.0774943
2.39,1.83126,-0.0775543
2.4,1.83049,-0.0776144
2.41,1.82971,-0.0776746
2.42,1.82894,-0.077735
2.43,1.82816,-0.0777955
2.44,1.82738,-0.0778562
2.45,1.8266,-0.0779171
2.46,1.82582,-0.0779781
2.47,1.82504,-0.0780392
2.48,1.82426,-0.0781005
2.49,1.82348,-0.078162
2.5,1.8227,-0.0782236
2.51,1.82191,-0.0782854
2.52,1.82113,-0.0783473
2.53,1.82035,-0.0784094
2.54,1.81956,-0.0784716
2.55,1.81878,-0.078534
2.56,1.81799,-0.0785966
2.57,1.81721,-0.0786593
2.58,1.81642,-0.0787222
2.59,1.81563,-0.0787853
2.6,1.81484,-0.0788485
2.61,1.81405,-0.0789119
2.62,1.81327,-0.0789754
2.63,1.81248,-0.0790391
2.64,1.81168,-0.079103
2.65,1.81089,-0.079167
2.66,1.8101,-0.0792312
2.67,1.80931,-0.0792956
2.68,1.80852,-0.0793601
2.69,1.80772,-0.0794248
2.7,1.80693,-0.0794897
2.71,1.80613,-0.0795548
2.72,1.80534,-0.07962
2.73,1.80454,-0.0796854
2.74,1.80374,-0.079751
2.75,1.80294,-0.0798167
2.76,1.80215,-0.0798826
2.77,1.80135,-0.0799487
2.78,1.80055,-0.080015
2.79,1.79975,-0.0800814
2.8,1.79895,-0.0801481
2.81,1.79814,-0.0802149
2.82,1.79734,-0.0802818
2.83,1.79654,-0.080349
2.84,1.79573,-0.0804163
2.85,1.79493,-0.0804839
2.86,1.79412,-0.0805516
2.87,1.79332,-0.0806195
2.88,1.79251,-0.0806875
2.89,1.7917,-0.0807558
2.9,1.7909,-0.0808243
2.91,1.79009,-0.0808929
2.92,1.78928,-0.0809617
2.93,1.78847,-0.0810307
2.94,1.78766,-0.0810999
2.95,1.78685,-0.0811693
2.96,1.78603,-0.0812389
2.97,1.78522,-0.0813087
2.98,1.78441,-0.0813786
2.99,1.78359,-0.0814488
3,1.78278,-0.0815191
3.01,1.78196,-0.0815897
3.02,1.78115,-0.0816604
3.03,1.78033,-0.0817314
3.04,1.77951,-0.0818025
3.05,1.77869,-0.0818739
3.06,1.77788,-0.0819454
3.07,1.77706,-0.0820172
3.08,1.77624,-0.0820891
3.09,1.77541,-0.0821613
3.1,1.77459,-0.0822336
3.11,1.77377,-0.0823062
3.12,1.77295,-0.0823789
3.13,1.77212,-0.0824519
3.14,1.7713,-0.0825251
3.15,1.77047,-0.0825985
3.16,1.76965,-0.0826721
3.17,1.76882,-0.0827459
3.18,1.76799,-0.0828199
3.19,1.76716,-0.0828942
3.2,1.76633,-0.0829686
3.21,1.7655,-0.0830433
3.22,1.76467,-0.0831182
3.23,1.76384,-0.0831933
3.24,1.76301,-0.0832686
3.25,1.76217,-0.0833441
3.26,1.76134,-0.0834199
3.27,1.76051,-0.0834959
3.28,1.75967,-0.0835721
3.29,1.75883,-0.0836485
3.3,1.758,-0.0837251
3.31,1.75716,-0.083802
3.32,1.75632,-0.0838791
3.33,1.75548,-0.0839565
3.34,1.75464,-0.084034
3.35,1.7538,-0.0841118
3.36,1.75296,-0.0841899
3.37,1.75212,-0.0842681
3.38,1.75127,-0.0843466
3.39,1.75043,-0.0844253
3.4,1.74959,-0.0845043
3.41,1.74874,-0.0845835
3.42,1.74789,-0.0846629
3.43,1.74705,-0.0847426
3.44,1.7462,-0.0848225
3.45,1.74535,-0.0849027
3.46,1.7445,-0.0849831
3.47,1.74365,-0.0850638
3.48,1.7428,-0.0851447
3.49,1.74195,-0.0852258
3.5,1.7411,-0.0853072
3.51,1.74024,-0.0853889
3.52,1.73939,-0.0854708
3.53,1.73853,-0.0855529
3.54,1.73768,-0.0856353
3.55,1.73682,-0.085718
3.56,1.73596,-0.0858009
3.57,1.7351,-0.0858841
3.58,1.73425,-0.0859675
3.59,1.73339,-0.0860512
3.6,1.73252,-0.0861351
3.61,1.73166,-0.0862194
3.62,1.7308,-0.0863038
3.63,1.72994,-0.0863886
3.64,1.72907,-0.0864736
3.65,1.72821,-0.0865589
3.66,1.72734,-0.0866445
3.67,1.72647,-0.0867303
3.68,1.72561,-0.0868164
3.69,1.72474,-0.0869028
3.7,1.72387,-0.0869894
3.71,1.723,-0.0870763
3.72,1.72213,-0.0871636
3.73,1.72125,-0.087251
3.74,1.72038,-0.0873388
3.75,1.71951,-0.0874269
3.76,1.71863,-0.0875152
3.77,1.71776,-0.0876038
3.78,1.71688,-0.0876928
3.79,1.716,-0.087782
3.8,1.71513,-0.0878715
3.81,1.71425,-0.0879613
3.82,1.71337,-0.0880513
3.83,1.71249,-0.0881417
3.84,1.7116,-0.0882324
3.85,1.71072,-0.0883234
3.86,1.70984,-0.0884147
3.87,1.70895,-0.0885063
3.88,1.70807,-0.0885982
3.89,1.70718,-0.0886903
3.9,1.70629,-0.0887829
3.91,1.7054,-0.0888757
3.92,1.70452,-0.0889688
3.93,1.70363,-0.0890622
3.94,1.70273,-0.089156
3.95,1.70184,-0.0892501
3.96,1.70095,-0.0893444
3.97,1.70006,-0.0894392
3.98,1.69916,-0.0895342
3.99,1.69826,-0.0896295
4,1.69737,-0.0897252
4.01,1.69647,-0.0898212
4.02,1.69557,-0.0899176
4.03,1.69467,-0.0900143
4.04,1.69377,-0.0901113
4.05,1.69287,-0.0902086
4.06,1.69197,-0.0903063
4.07,1.69106,-0.0904043
4.08,1.69016,-0.0905027
4.09,1.68925,-0.0906014
4.1,1.68835,-0.0907004
4.11,1.68744,-0.0907998
4.12,1.68653,-0.0908996
4.13,1.68562,-0.0909996
4.14,1.68471,-0.0911001
4.15,1.6838,-0.0912009
4.16,1.68289,-0.0913021
4.17,1.68197,-0.0914036
4.18,1.68106,-0.0915055
4.19,1.68014,-0.0916077
4.2,1.67923,-0.0917103
4.21,1.67831,-0.0918133
4.22,1.67739,-0.0919167
4.23,1.67647,-0.0920204
4.24,1.67555,-0.0921245
4.25,1.67463,-0.092229
4.26,1.67371,-0.0923339
4.27,1.67278,-0.0924391
4.28,1.67186,-0.0925447
4.29,1.67093,-0.0926507
4.3,1.67,-0.0927572
4.31,1.66908,-0.0928639
4.32,1.66815,-0.0929711
4.33,1.66722,-0.0930787
4.34,1.66628,-0.0931867
4.35,1.66535,-0.0932951
4.36,1.66442,-0.0934039
4.37,1.66348,-0.0935131
4.38,1.66255,-0.0936227
4.39,1.66161,-0.0937327
4.4,1.66067,-0.0938431
4.41,1.65973,-0.093954
4.42,1.65879,-0.0940653
4.43,1.65785,-0.0941769
4.44,1.65691,-0.0942891
4.45,1.65597,-0.0944016
4.46,1.65502,-0.0945146
4.47,1.65408,-0.094628
4.48,1.65313,-0.0947418
4.49,1.65218,-0.0948561
4.5,1.65123,-0.0949708
4.51,1.65028,-0.095086
4.52,1.64933,-0.0952016
4.53,1.64838,-0.0953176
4.54,1.64743,-0.0954342
4.55,1.64647,-0.0955511
4.56,1.64551,-0.0956686
4.57,1.64456,-0.0957864
4.58,1.6436,-0.0959048
4.59,1.64264,-0.0960236
4.6,1.64168,-0.0961429
4.61,1.64072,-0.0962627
4.62,1.63975,-0.0963829
4.63,1.63879,-0.0965036
4.64,1.63782,-0.0966248
4.65,1.63686,-0.0967465
4.66,1.63589,-0.0968687
4.67,1.63492,-0.0969914
4.68,1.63395,-0.0971146
4.69,1.63298,-0.0972382
4.7,1.632,-0.0973624
4.71,1.63103,-0.0974871
4.72,1.63005,-0.0976123
4.73,1.62908,-0.097738
4.74,1.6281,-0.0978642
4.75,1.62712,-0.097991
4.76,1.62614,-0.0981182
4.77,1.62516,-0.098246
4.78,1.62417,-0.0983744
4.79,1.62319,-0.0985032
4.8,1.6222,-0.0986326
4.81,1.62122,-0.0987626
4.82,1.62023,-0.0988931
4.83,1.61924,-0.0990241
4.84,1.61825,-0.0991557
4.85,1.61726,-0.0992879
4.86,1.61626,-0.0994206
4.87,1.61527,-0.0995539
4.88,1.61427,-0.0996877
4.89,1.61327,-0.0998221
4.9,1.61227,-0.0999572
4.91,1.61127,-0.100093
4.92,1.61027,-0.100229
4.93,1.60927,-0.100366
4.94,1.60827,-0.100503
4.95,1.60726,-0.100641
4.96,1.60625,-0.10078
4.97,1.60524,-0.100919
4.98,1.60423,-0.101059
4.99,1.60322,-0.101199
5,1.60221,-0.10134
5.01,1.6012,-0.101482
5.02,1.60018,-0.101624
5.03,1.59916,-0.101767
5.04,1.59815,-0.10191
5.05,1.59713,-0.102055
5.06,1.5961,-0.102199
5.07,1.59508,-0.102345
5.08,1.59406,-0.102491
5.09,1.59303,-0.102638
5.1,1.592,-0.102785
5.11,1.59098,-0.102934
5.12,1.58995,-0.103082
5.13,1.58891,-0.103232
5.14,1.58788,-0.103382
5.15,1.58685,-0.103533
5.16,1.58581,-0.103685
5.17,1.58477,-0.103837
5.18,1.58373,-0.10399
5.19,1.58269,-0.104144
5.2,1.58165,-0.104298
5.21,1.58061,-0.104454
5.22,1.57956,-0.10461
5.23,1.57852,-0.104766
5.24,1.57747,-0.104924
5.25,1.57642,-0.105082
5.26,1.57537,-0.105241
5.27,1.57431,-0.105401
5.28,1.57326,-0.105561
5.29,1.5722,-0.105722
5.3,1.57114,-0.105884
5.31,1.57008,-0.106047
5.32,1.56902,-0.106211
5.33,1.56796,-0.106375
5.34,1.56689,-0.10654
5.35,1.56583,-0.106706
5.36,1.56476,-0.106873
5.37,1.56369,-0.107041
5.38,1.56262,-0.10721
5.39,1.56155,-0.107379
5.4,1.56047,-0.107549
5.41,1.5594,-0.10772
5.42,1.55832,-0.107892
5.43,1.55724,-0.108065
5.44,1.55616,-0.108239
5.45,1.55507,-0.108413
5.46,1.55399,-0.108589
5.47,1.5529,-0.108765
5.48,1.55181,-0.108942
5.49,1.55072,-0.10912
5.5,1.54963,-0.1093
5.51,1.54854,-0.10948
5.52,1.54744,-0.109661
5.53,1.54634,-0.109842
5.54,1.54524,-0.110025
5.55,1.54414,-0.110209
5.56,1.54304,-0.110394
5.57,1.54193,-0.11058
5.58,1.54083,-0.110767
5.59,1.53972,-0.110954
5.6,1.53861,-0.111143
5.61,1.5375,-0.111333
5.62,1.53638,-0.111524
5.63,1.53527,-0.111716
5.64,1.53415,-0.111909
5.65,1.53303,-0.112103
5.66,1.53191,-0.112298
5.67,1.53078,-0.112494
5.68,1.52966,-0.112691
5.69,1.52853,-0.112889
5.7,1.5274,-0.113088
5.71,1.52627,-0.113289
5.72,1.52513,-0.11349
5.73,1.524,-0.113693
5.74,1.52286,-0.113897
5.75,1.52172,-0.114102
5.76,1.52058,-0.114308
5.77,1.51943,-0.114516
5.78,1.51829,-0.114724
5.79,1.51714,-0.114934
5.8,1.51599,-0.115145
5.81,1.51483,-0.115357
5.82,1.51368,-0.11557
5.83,1.51252,-0.115785
5.84,1.51136,-0.116001
5.85,1.5102,-0.116218
5.86,1.50904,-0.116437
5.87,1.50787,-0.116656
5.88,1.50671,-0.116877
5.89,1.50554,-0.1171
5.9,1.50437,-0.117323
5.91,1.50319,-0.117548
5.92,1.50201,-0.117775
5.93,1.50084,-0.118003
5.94,1.49965,-0.118232
5.95,1.49847,-0.118462
5.96,1.49728,-0.118694
5.97,1.4961,-0.118928
5.98,1.49491,-0.119162
5.99,1.49371,-0.119399
6,1.49252,-0.119636
6.01,1.49132,-0.119876
6.02,1.49012,-0.120116
6.03,1.48892,-0.120359
6.04,1.48771,-0.120602
6.05,1.48651,-0.120848
6.06,1.4853,-0.121095
6.07,1.48408,-0.121343
6.08,1.48287,-0.121593
6.09,1.48165,-0.121845
6.1,1.48043,-0.122098
6.11,1.47921,-0.122353
6.12,1.47799,-0.12261
6.13,1.47676,-0.122868
6.14,1.47553,-0.123128
6.15,1.4743,-0.12339
6.16,1.47306,-0.123653
6.17,1.47182,-0.123918
6.18,1.47058,-0.124185
6.19,1.46934,-0.124454
6.2,1.46809,-0.124725
6.21,1.46684,-0.124997
6.22,1.46559,-0.125271
6.23,1.46434,-0.125548
6.24,1.46308,-0.125826
6.25,1.46182,-0.126106
6.26,1.46056,-0.126388
6.27,1.45929,-0.126672
6.28,1.45803,-0.126957
6.29,1.45676,-0.127245
6.3,1.45548,-0.127535
6.31,1.4542,-0.127827
6.32,1.45293,-0.128121
6.33,1.45164,-0.128417
6.34,1.45036,-0.128716
6.35,1.44907,-0.129016
6.36,1.44778,-0.129319
6.37,1.44648,-0.129623
6.38,1.44518,-0.129931
6.39,1.44388,-0.13024
6.4,1.44258,-0.130551
6.41,1.44127,-0.130865
6.42,1.43996,-0.131182
6.43,1.43865,-0.1315
6.44,1.43733,-0.131821
6.45,1.43601,-0.132145
6.46,1.43469,-0.13247
6.47,1.43336,-0.132799
6.48,1.43203,-0.13313
6.49,1.4307,-0.133463
6.5,1.42936,-0.133799
6.51,1.42802,-0.134138
6.52,1.42668,-0.134479
6.53,1.42533,-0.134823
6.54,1.42398,-0.13517
6.55,1.42263,-0.135519
6.56,1.42127,-0.135871
6.57,1.41991,-0.136226
6.58,1.41855,-0.136584
6.59,1.41718,-0.136945
6.6,1.41581,-0.137309
6.61,1.41444,-0.137675
6.62,1.41306,-0.138045
6.63,1.41167,-0.138418
6.64,1.41029,-0.138794
6.65,1.4089,-0.139173
6.66,1.40751,-0.139555
6.67,1.40611,-0.13994
6.68,1.40471,-0.140329
6.69,1.4033,-0.140721
6.7,1.40189,-0.141116
6.71,1.40048,-0.141515
6.72,1.39906,-0.141917
6.73,1.39764,-0.142322
6.74,1.39622,-0.142732
6.75,1.39479,-0.143144
6.76,1.39335,-0.143561
6.77,1.39191,-0.143981
6.78,1.39047,-0.144405
6.79,1.38903,-0.144832
6.8,1.38758,-0.145264
6.81,1.38612,-0.145699
6.82,1.38466,-0.146139
6.83,1.3832,-0.146582
6.84,1.38173,-0.14703
6.85,1.38026,-0.147482
6.86,1.37878,-0.147938
6.87,1.3773,-0.148398
6.88,1.37581,-0.148862
6.89,1.37432,-0.149331
6.9,1.37283,-0.149805
6.91,1.37133,-0.150283
6.92,1.36982,-0.150766
6.93,1.36831,-0.151253
6.94,1.3668,-0.151745
6.95,1.36528,-0.152242
6.96,1.36375,-0.152744
6.97,1.36222,-0.153251
6.98,1.36069,-0.153763
6.99,1.35915,-0.15428
7,1.3576,-0.154802
7.01,1.35605,-0.15533
7.02,1.35449,-0.155863
7.03,1.35293,-0.156401
7.04,1.35137,-0.156946
7.05,1.34979,-0.157495
7.06,1.34822,-0.158051
7.07,1.34663,-0.158613
7.08,1.34504,-0.15918
7.09,1.34345,-0.159754
7.1,1.34185,-0.160333
7.11,1.34024,-0.160919
7.12,1.33863,-0.161512
7.13,1.33701,-0.162111
7.14,1.33539,-0.162716
7.15,1.33376,-0.163329
7.16,1.33212,-0.163948
7.17,1.33048,-0.164574
7.18,1.32883,-0.165208
7.19,1.32717,-0.165848
7.2,1.32551,-0.166496
7.21,1.32384,-0.167151
7.22,1.32217,-0.167815
7.23,1.32049,-0.168485
7.24,1.3188,-0.169164
7.25,1.3171,-0.169851
7.26,1.3154,-0.170546
7.27,1.31369,-0.17125
7.28,1.31198,-0.171962
7.29,1.31025,-0.172683
7.3,1.30852,-0.173412
7.31,1.30679,-0.174151
7.32,1.30504,-0.174899
7.33,1.30329,-0.175657
7.34,1.30153,-0.176424
7.35,1.29976,-0.177201
7.36,1.29798,-0.177987
7.37,1.2962,-0.178785
7.38,1.29441,-0.179592
7.39,1.29261,-0.18041
7.4,1.2908,-0.181239
7.41,1.28898,-0.182079
7.42,1.28716,-0.182931
7.43,1.28532,-0.183794
7.44,1.28348,-0.184668
7.45,1.28163,-0.185555
7.46,1.27977,-0.186454
7.47,1.2779,-0.187366
7.48,1.27602,-0.188291
7.49,1.27414,-0.189228
7.5,1.27224,-0.19018
7.51,1.27033,-0.191145
7.52,1.26842,-0.192124
7.53,1.26649,-0.193117
7.54,1.26455,-0.194125
7.55,1.26261,-0.195148
7.56,1.26065,-0.196187
7.57,1.25868,-0.197241
7.58,1.25671,-0.198312
7.59,1.25472,-0.199399
7.6,1.25272,-0.200503
7.61,1.25071,-0.201624
7.62,1.24869,-0.202763
7.63,1.24665,-0.20392
7.64,1.24461,-0.205096
7.65,1.24255,-0.206291
7.66,1.24048,-0.207506
7.67,1.2384,-0.20874
7.68,1.23631,-0.209996
7.69,1.2342,-0.211272
7.7,1.23208,-0.21257
7.71,1.22995,-0.213891
7.72,1.2278,-0.215234
7.73,1.22564,-0.216601
7.74,1.22347,-0.217992
7.75,1.22128,-0.219407
7.76,1.21908,-0.220848
7.77,1.21687,-0.222316
7.78,1.21464,-0.22381
7.79,1.21239,-0.225331
7.8,1.21013,-0.226882
7.81,1.20785,-0.228461
7.82,1.20556,-0.23007
7.83,1.20325,-0.231711
7.84,1.20093,-0.233383
7.85,1.19858,-0.235088
7.86,1.19622,-0.236827
7.87,1.19385,-0.238601
7.88,1.19145,-0.240411
7.89,1.18904,-0.242257
7.9,1.18661,-0.244142
7.91,1.18416,-0.246066
7.92,1.18168,-0.248031
7.93,1.17919,-0.250037
7.94,1.17668,-0.252087
7.95,1.17415,-0.254182
7.96,1.1716,-0.256322
7.97,1.16903,-0.258511
7.98,1.16643,-0.260748
7.99,1.16381,-0.263037
8,1.16117,-0.265378
8.01,1.1585,-0.267774
8.02,1.15581,-0.270226
8.03,1.1531,-0.272737
8.04,1.15036,-0.275308
8.05,1.14759,-0.277942
8.06,1.1448,-0.280641
8.07,1.14198,-0.283408
8.08,1.13913,-0.286244
8.09,1.13625,-0.289153
8.1,1.13335,-0.292137
8.11,1.13041,-0.2952
8.12,1.12744,-0.298343
8.13,1.12444,-0.301572
8.14,1.12141,-0.304888
8.15,1.11835,-0.308296
8.16,1.11525,-0.311798
8.17,1.11211,-0.3154
8.18,1.10894,-0.319105
8.19,1.10573,-0.322918
8.2,1.10248,-0.326843
8.21,1.09919,-0.330885
8.22,1.09586,-0.33505
8.23,1.09249,-0.339341
8.24,1.08907,-0.343767
8.25,1.08561,-0.348331
8.26,1.08211,-0.353042
8.27,1.07855,-0.357905
8.28,1.07495,-0.362928
8.29,1.07129,-0.368119
8.3,1.06758,-0.373485
8.31,1.06382,-0.379036
8.32,1.06,-0.38478
8.33,1.05613,-0.390727
8.34,1.05219,-0.396888
8.35,1.04819,-0.403273
8.36,1.04412,-0.409895
8.37,1.03999,-0.416767
8.38,1.03578,-0.4239
8.39,1.03151,-0.431311
8.4,1.02716,-0.439014
8.41,1.02273,-0.447026
8.42,1.01822,-0.455365
8.43,1.01362,-0.464049
8.44,1.00893,-0.473099
8.45,1.00416,-0.482537
8.46,0.999282,-0.492386
8.47,0.994307,-0.502673
8.48,0.989227,-0.513423
8.49,0.984037,-0.524668
8.5,0.978732,-0.536439
8.51,0.973306,-0.54877
8.52,0.967754,-0.561699
8.53,0.96207,-0.575267
8.54,0.956247,-0.589518
8.55,0.950277,-0.604501
8.56,0.944154,-0.620266
8.57,0.937869,-0.636872
8.58,0.931413,-0.654381
8.59,0.924778,-0.672862
8.6,0.917953,-0.692387
8.61,0.910927,-0.71304
8.62,0.903688,-0.734911
8.63,0.896224,-0.758098
8.64,0.888521,-0.782709
8.65,0.880565,-0.808867
8.66,0.872338,-0.836703
8.67,0.863824,-0.866364
8.68,0.855004,-0.898014
8.69,0.845857,-0.931835
8.7,0.83636,-0.968029
8.71,0.826488,-1.00682
8.72,0.816214,-1.04846
8.73,0.805508,-1.09324
8.74,0.794338,-1.14147
8.75,0.782666,-1.1935
8.76,0.770454,-1.24974
8.77,0.757656,-1.31065
8.78,0.744223,-1.37673
8.79,0.730102,-1.44858
8.8,0.71523,-1.52685
8.81,0.699541,-1.61231
8.82,0.682957,-1.70582
8.83,0.665394,-1.80836
8.84,0.646756,-1.92107
8.85,0.626935,-2.04526
8.86,0.605808,-2.18242
8.87,0.583237,-2.33428
8.88,0.559067,-2.50284
8.89,0.533117,-2.6904
8.9,0.505187,-2.8996
8.91,0.475043,-3.13351
8.92,0.442422,-3.39563
8.93,0.407023,-3.68998
8.94,0.3685,-4.02112
8.95,0.326461,-4.39417
8.96,0.280458,-4.81479
8.97,0.229987,-5.28908
8.98,0.174477,-5.82336
8.99,0.113299,-6.42372
9,0.0457649,-7.09534
9.01,-0.0288557,-7.84123
9.02,-0.111305,-8.66051
9.03,-0.202287,-9.54577
9.04,-0.302384,-10.4797
9.05,-0.41194,-11.4308
9.06,-0.530896,-12.3499
9.07,-0.658602,-13.1675
9.08,-0.793619,-13.7966
9.09,-0.933584,-14.1414
9.1,-1.07521,-14.1166
9.11,-1.2145,-13.6701
9.12,-1.34721,-12.8052
9.13,-1.46942,-11.5878
9.14,-1.57817,-10.1339
9.15,-1.67177,-8.58134
9.16,-1.7499,-7.05832
9.17,-1.81336,-5.66052
9.18,-1.86372,-4.44344
9.19,-1.9029,-3.42665
9.2,-1.9329,-2.60401
9.21,-1.95556,-1.95464
9.22,-1.97248,-1.45154
9.23,-1.98498,-1.06719
9.24,-1.99413,-0.776617
9.25,-2.00075,-0.558631
9.26,-2.00549,-0.396022
9.27,-2.00881,-0.275222
9.28,-2.01109,-0.185747
9.29,-2.0126,-0.119613
9.3,-2.01354,-0.0708016
9.31,-2.01406,-0.0348113
9.32,-2.01427,-0.00829022
9.33,-2.01425,0.0112468
9.34,-2.01406,0.0256378
9.35,-2.01375,0.0362393
9.36,-2.01335,0.0440516
9.37,-2.01288,0.0498113
9.38,-2.01236,0.0540606
9.39,-2.0118,0.0571986
9.4,-2.01122,0.0595188
9.41,-2.01061,0.0612371
9.42,-2.00999,0.0625124
9.43,-2.00936,0.0634615
9.44,-2.00872,0.0641706
9.45,-2.00808,0.0647027
9.46,-2.00743,0.0651046
9.47,-2.00678,0.0654105
9.48,-2.00612,0.0656457
9.49,-2.00546,0.0658288
9.5,-2.00481,0.0659734
9.51,-2.00415,0.0660898
9.52,-2.00348,0.0661852
9.53,-2.00282,0.0662652
9.54,-2.00216,0.0663339
9.55,-2.00149,0.0663943
9.56,-2.00083,0.0664485
9.57,-2.00017,0.0664981
9.58,-1.9995,0.0665444
9.59,-1.99884,0.0665883
9.6,-1.99817,0.0666304
9.61,-1.9975,0.0666711
9.62,-1.99684,0.066711
9.63,-1.99617,0.0667501
9.64,-1.9955,0.0667887
9.65,-1.99483,0.066827
9.66,-1.99416,0.0668651
9.67,-1.9935,0.066903
9.68,-1.99283,0.0669408
9.69,-1.99216,0.0669786
9.7,-1.99149,0.0670163
9.71,-1.99082,0.067054
9.72,-1.99015,0.0670917
9.73,-1.98947,0.0671295
9.74,-1.9888,0.0671673
9.75,-1.98813,0.0672052
9.76,-1.98746,0.0672431
9.77,-1.98679,0.067281
9.78,-1.98611,0.0673191
9.79,-1.98544,0.0673572
9.8,-1.98477,0.0673953
9.81,-1.98409,0.0674335
9.82,-1.98342,0.0674718
9.83,-1.98274,0.0675102
9.84,-1.98207,0.0675486
9.85,-1.98139,0.0675871
9.86,-1.98072,0.0676257
9.87,-1.98004,0.0676643
9.88,-1.97936,0.067703
9.89,-1.97868,0.0677418
9.9,-1.97801,0.0677806
9.91,-1.97733,0.0678195
9.92,-1.97665,0.0678585
9.93,-1.97597,0.0678976
9.94,-1.97529,0.0679367
9.95,-1.97461,0.0679759
9.96,-1.97393,0.0680152
9.97,-1.97325,0.0680546
9.98,-1.97257,0.068094
9.99,-1.97189,0.0681335
10,-1.97121,0.0681731
10.01,-1.97053,0.0682127
10.02,-1.96985,0.0682525
10.03,-1.96916,0.0682923
10.04,-1.96848,0.0683321
10.05,-1.9678,0.0683721
10.06,-1.96711,0.0684121
10.07,-1.96643,0.0684522
10.08,-1.96574,0.0684924
10.09,-1.96506,0.0685326
10.1,-1.96437,0.068573
10.11,-1.96369,0.0686134
10.12,-1.963,0.0686539
10.13,-1.96231,0.0686944
10.14,-1.96163,0.0687351
10.15,-1.96094,0.0687758
10.16,-1.96025,0.0688166
10.17,-1.95956,0.0688574
10.18,-1.95887,0.0688984
10.19,-1.95818,0.0689394
10.2,-1.95749,0.0689805
10.21,-1.9568,0.0690217
10.22,-1.95611,0.069063
10.23,-1.95542,0.0691043
10.24,-1.95473,0.0691457
10.25,-1.95404,0.0691872
10.26,-1.95335,0.0692288
10.27,-1.95266,0.0692705
10.28,-1.95196,0.0693122
10.29,-1.95127,0.0693541
10.3,-1.95058,0.069396
10.31,-1.94988,0.069438
10.32,-1.94919,0.06948
10.33,-1.94849,0.0695222
10.34,-1.9478,0.0695644
10.35,-1.9471,0.0696067
10.36,-1.9464,0.0696492
10.37,-1.94571,0.0696916
10.38,-1.94501,0.0697342
10.39,-1.94431,0.0697769
10.4,-1.94362,0.0698196
10.41,-1.94292,0.0698624
10.42,-1.94222,0.0699053
10.43,-1.94152,0.0699483
10.44,-1.94082,0.0699914
10.45,-1.94012,0.0700346
10.46,-1.93942,0.0700778
10.47,-1.93872,0.0701212
10.48,-1.93802,0.0701646
10.49,-1.93731,0.0702081
10.5,-1.93661,0.0702517
10.51,-1.93591,0.0702954
10.52,-1.93521,0.0703391
10.53,-1.9345,0.070383
10.54,-1.9338,0.0704269
10.55,-1.93309,0.070471
10.56,-1.93239,0.0705151
10.57,-1.93168,0.0705593
10.58,-1.93098,0.0706036
10.59,-1.93027,0.070648
10.6,-1.92956,0.0706925
10.61,-1.92886,0.0707371
10.62,-1.92815,0.0707817
10.63,-1.92744,0.0708265
10.64,-1.92673,0.0708713
10.65,-1.92602,0.0709163
10.66,-1.92531,0.0709613
10.67,-1.92461,0.0710064
10.68,-1.92389,0.0710516
10.69,-1.92318,0.071097
10.7,-1.92247,0.0711424
10.71,-1.92176,0.0711878
10.72,-1.92105,0.0712334
10.73,-1.92034,0.0712791
10.74,-1.91962,0.0713249
10.75,-1.91891,0.0713708
10.76,-1.9182,0.0714167
10.77,-1.91748,0.0714628
10.78,-1.91677,0.071509
10.79,-1.91605,0.0715552
10.8,-1.91534,0.0716016
10.81,-1.91462,0.071648
10.82,-1.9139,0.0716946
10.83,-1.91319,0.0717412
10.84,-1.91247,0.0717879
10.85,-1.91175,0.0718348
10.86,-1.91103,0.0718817
10.87,-1.91031,0.0719288
10.88,-1.90959,0.0719759
10.89,-1.90887,0.0720231
10.9,-1.90815,0.0720705
10.91,-1.90743,0.0721179
10.92,-1.90671,0.0721654
10.93,-1.90599,0.0722131
10.94,-1.90527,0.0722608
10.95,-1.90454,0.0723087
10.96,-1.90382,0.0723566
10.97,-1.9031,0.0724047
10.98,-1.90237,0.0724528
10.99,-1.90165,0.0725011
11,-1.90092,0.0725494
11.01,-1.9002,0.0725979
11.02,-1.89947,0.0726464
11.03,-1.89874,0.0726951
11.04,-1.89802,0.0727439
11.05,-1.89729,0.0727928
11.06,-1.89656,0.0728418
11.07,-1.89583,0.0728909
11.08,-1.8951,0.0729401
11.09,-1.89437,0.0729894
11.1,-1.89364,0.0730388
11.11,-1.89291,0.0730883
11.12,-1.89218,0.0731379
11.13,-1.89145,0.0731877
11.14,-1.89072,0.0732375
11.15,-1.88998,0.0732875
11.16,-1.88925,0.0733375
11.17,-1.88852,0.0733877
11.18,-1.88778,0.073438
11.19,-1.88705,0.0734884
11.2,-1.88631,0.0735389
11.21,-1.88558,0.0735896
11.22,-1.88484,0.0736403
11.23,-1.8841,0.0736911
11.24,-1.88337,0.0737421
11.25,-1.88263,0.0737932
11.26,-1.88189,0.0738444
11.27,-1.88115,0.0738957
11.28,-1.88041,0.0739471
11.29,-1.87967,0.0739986
11.3,-1.87893,0.0740503
11.31,-1.87819,0.0741021
11.32,-1.87745,0.0741539
11.33,-1.87671,0.0742059
11.34,-1.87597,0.0742581
11.35,-1.87522,0.0743103
11.36,-1.87448,0.0743627
11.37,-1.87374,0.0744151
11.38,-1.87299,0.0744677
11.39,-1.87225,0.0745204
11.4,-1.8715,0.0745733
11.41,-1.87076,0.0746262
11.42,-1.87001,0.0746793
11.43,-1.86926,0.0747325
11.44,-1.86852,0.0747858
11.45,-1.86777,0.0748393
11.46,-1.86702,0.0748928
11.47,-1.86627,0.0749465
11.48,-1.86552,0.0750004
11.49,-1.86477,0.0750543
11.5,-1.86402,0.0751084
11.51,-1.86327,0.0751626
11.52,-1.86252,0.0752169
11.53,-1.86176,0.0752713
11.54,-1.86101,0.0753259
11.55,-1.86026,0.0753806
11.56,-1.8595,0.0754354
11.57,-1.85875,0.0754904
11.58,-1.85799,0.0755455
11.59,-1.85724,0.0756007
11.6,-1.85648,0.075656
11.61,-1.85572,0.0757115
11.62,-1.85497,0.0757671
11.63,-1.85421,0.0758228
11.64,-1.85345,0.0758787
11.65,-1.85269,0.0759347
11.66,-1.85193,0.0759908
11.67,-1.85117,0.0760471
11.68,-1.85041,0.0761035
11.69,-1.84965,0.0761601
11.7,-1.84889,0.0762167
11.71,-1.84812,0.0762735
11.72,-1.84736,0.0763305
11.73,-1.8466,0.0763876
11.74,-1.84583,0.0764448
11.75,-1.84507,0.0765022
11.76,-1.8443,0.0765597
11.77,-1.84354,0.0766173
11.78,-1.84277,0.0766751
11.79,-1.842,0.076733
11.8,-1.84124,0.0767911
11.81,-1.84047,0.0768493
11.82,-1.8397,0.0769076
11.83,-1.83893,0.0769661
11.84,-1.83816,0.0770247
11.85,-1.83739,0.0770835
11.86,-1.83662,0.0771424
11.87,-1.83585,0.0772015
11.88,-1.83507,0.0772607
11.89,-1.8343,0.07732
11.9,-1.83353,0.0773795
11.91,-1.83275,0.0774392
11.92,-1.83198,0.077499
11.93,-1.8312,0.0775589
11.94,-1.83043,0.077619
11.95,-1.82965,0.0776793
11.96,-1.82887,0.0777397
11.97,-1.8281,0.0778002
11.98,-1.82732,0.0778609
11.99,-1.82654,0.0779218
12,-1.82576,0.0779828
12.01,-1.82498,0.078044
12.02,-1.8242,0.0781053
12.03,-1.82342,0.0781668
12.04,-1.82264,0.0782284
12.05,-1.82185,0.0782902
12.06,-1.82107,0.0783521
12.07,-1.82029,0.0784142
12.08,-1.8195,0.0784765
12.09,-1.81872,0.0785389
12.1,-1.81793,0.0786015
12.11,-1.81715,0.0786642
12.12,-1.81636,0.0787271
12.13,-1.81557,0.0787902
12.14,-1.81478,0.0788534
12.15,-1.81399,0.0789168
12.16,-1.8132,0.0789804
12.17,-1.81241,0.0790441
12.18,-1.81162,0.079108
12.19,-1.81083,0.079172
12.2,-1.81004,0.0792362
12.21,-1.80925,0.0793006
12.22,-1.80845,0.0793652
12.23,-1.80766,0.0794299
12.24,-1.80686,0.0794948
12.25,-1.80607,0.0795599
12.26,-1.80527,0.0796251
12.27,-1.80448,0.0796905
12.28,-1.80368,0.0797561
12.29,-1.80288,0.0798218
12.3,-1.80208,0.0798878
12.31,-1.80128,0.0799539
12.32,-1.80048,0.0800202
12.33,-1.79968,0.0800866
12.34,-1.79888,0.0801533
12.35,-1.79808,0.0802201
12.36,-1.79728,0.0802871
12.37,-1.79648,0.0803542
12.38,-1.79567,0.0804216
12.39,-1.79487,0.0804891
12.4,-1.79406,0.0805569
12.41,-1.79326,0.0806248
12.42,-1.79245,0.0806929
12.43,-1.79164,0.0807611
12.44,-1.79083,0.0808296
12.45,-1.79003,0.0808982
12.46,-1.78922,0.0809671
12.47,-1.78841,0.0810361
12.48,-1.7876,0.0811053
12.49,-1.78678,0.0811747
12.5,-1.78597,0.0812443
12.51,-1.78516,0.0813141
12.52,-1.78435,0.0813841
12.53,-1.78353,0.0814543
12.54,-1.78272,0.0815246
12.55,-1.7819,0.0815952
12.56,-1.78108,0.081666
12.57,-1.78027,0.0817369
12.58,-1.77945,0.0818081
12.59,-1.77863,0.0818794
12.6,-1.77781,0.081951
12.61,-1.77699,0.0820228
12.62,-1.77617,0.0820947
12.63,-1.77535,0.0821669
12.64,-1.77453,0.0822393
12.65,-1.77371,0.0823118
12.66,-1.77288,0.0823846
12.67,-1.77206,0.0824576
12.68,-1.77123,0.0825308
12.69,-1.77041,0.0826042
12.7,-1.76958,0.0826778
12.71,-1.76875,0.0827517
12.72,-1.76793,0.0828257
12.73,-1.7671,0.0829
12.74,-1.76627,0.0829744
12.75,-1.76544,0.0830491
12.76,-1.76461,0.083124
12.77,-1.76378,0.0831991
12.78,-1.76294,0.0832745
12.79,-1.76211,0.08335
12.8,-1.76128,0.0834258
12.81,-1.76044,0.0835018
12.82,-1.75961,0.083578
12.83,-1.75877,0.0836545
12.84,-1.75793,0.0837311
12.85,-1.75709,0.083808
12.86,-1.75626,0.0838851
12.87,-1.75542,0.0839625
12.88,-1.75458,0.0840401
12.89,-1.75374,0.0841179
12.9,-1.75289,0.0841959
12.91,-1.75205,0.0842742
12.92,-1.75121,0.0843527
12.93,-1.75037,0.0844315
12.94,-1.74952,0.0845105
12.95,-1.74868,0.0845897
12.96,-1.74783,0.0846691
12.97,-1.74698,0.0847488
12.98,-1.74613,0.0848288
12.99,-1.74529,0.084909
13,-1.74444,0.0849894
13.01,-1.74359,0.0850701
13.02,-1.74273,0.085151
13.03,-1.74188,0.0852321
13.04,-1.74103,0.0853136
13.05,-1.74018,0.0853952
13.06,-1.73932,0.0854771
13.07,-1.73847,0.0855593
13.08,-1.73761,0.0856417
13.09,-1.73675,0.0857244
13.1,-1.7359,0.0858073
13.11,-1.73504,0.0858905
13.12,-1.73418,0.085974
13.13,-1.73332,0.0860577
13.14,-1.73246,0.0861417
13.15,-1.7316,0.0862259
13.16,-1.73073,0.0863104
13.17,-1.72987,0.0863952
13.18,-1.729,0.0864802
13.19,-1.72814,0.0865655
13.2,-1.72727,0.0866511
13.21,-1.72641,0.086737
13.22,-1.72554,0.0868231
13.23,-1.72467,0.0869095
13.24,-1.7238,0.0869962
13.25,-1.72293,0.0870831
13.26,-1.72206,0.0871704
13.27,-1.72119,0.0872579
13.28,-1.72031,0.0873457
13.29,-1.71944,0.0874337
13.3,-1.71856,0.0875221
13.31,-1.71769,0.0876108
13.32,-1.71681,0.0876997
13.33,-1.71594,0.0877889
13.34,-1.71506,0.0878784
13.35,-1.71418,0.0879683
13.36,-1.7133,0.0880584
13.37,-1.71242,0.0881488
13.38,-1.71153,0.0882395
13.39,-1.71065,0.0883305
13.4,-1.70977,0.0884218
13.41,-1.70888,0.0885134
13.42,-1.708,0.0886053
13.43,-1.70711,0.0886975
13.44,-1.70622,0.0887901
13.45,-1.70534,0.0888829
13.46,-1.70445,0.0889761
13.47,-1.70356,0.0890695
13.48,-1.70266,0.0891633
13.49,-1.70177,0.0892574
13.5,-1.70088,0.0893518
13.51,-1.69999,0.0894465
13.52,-1.69909,0.0895416
13.53,-1.69819,0.089637
13.54,-1.6973,0.0897327
13.55,-1.6964,0.0898287
13.56,-1.6955,0.0899251
13.57,-1.6946,0.0900218
13.58,-1.6937,0.0901188
13.59,-1.6928,0.0902162
13.6,-1.6919,0.0903139
13.61,-1.69099,0.0904119
13.62,-1.69009,0.0905103
13.63,-1.68918,0.0906091
13.64,-1.68828,0.0907081
13.65,-1.68737,0.0908076
13.66,-1.68646,0.0909073
13.67,-1.68555,0.0910075
13.68,-1.68464,0.0911079
13.69,-1.68373,0.0912088
13.7,-1.68282,0.09131
13.71,-1.6819,0.0914115
13.72,-1.68099,0.0915134
13.73,-1.68007,0.0916157
13.74,-1.67916,0.0917184
13.75,-1.67824,0.0918214
13.76,-1.67732,0.0919247
13.77,-1.6764,0.0920285
13.78,-1.67548,0.0921326
13.79,-1.67456,0.0922372
13.8,-1.67363,0.092342
13.81,-1.67271,0.0924473
13.82,-1.67178,0.092553
13.83,-1.67086,0.092659
13.84,-1.66993,0.0927655
13.85,-1.669,0.0928723
13.86,-1.66807,0.0929795
13.87,-1.66714,0.0930871
13.88,-1.66621,0.0931951
13.89,-1.66528,0.0933036
13.9,-1.66435,0.0934124
13.91,-1.66341,0.0935216
13.92,-1.66248,0.0936312
13.93,-1.66154,0.0937413
13.94,-1.6606,0.0938518
13.95,-1.65966,0.0939626
13.96,-1.65872,0.0940739
13.97,-1.65778,0.0941857
13.98,-1.65684,0.0942978
13.99,-1.65589,0.0944104
14,-1.65495,0.0945234
14.01,-1.654,0.0946368
14.02,-1.65306,0.0947507
14.03,-1.65211,0.094865
14.04,-1.65116,0.0949798
14.05,-1.65021,0.095095
14.06,-1.64926,0.0952106
14.07,-1.6483,0.0953267
14.08,-1.64735,0.0954432
14.09,-1.6464,0.0955603
14.1,-1.64544,0.0956777
14.11,-1.64448,0.0957956
14.12,-1.64352,0.095914
14.13,-1.64256,0.0960329
14.14,-1.6416,0.0961522
14.15,-1.64064,0.096272
14.16,-1.63968,0.0963923
14.17,-1.63871,0.0965131
14.18,-1.63775,0.0966343
14.19,-1.63678,0.096756
14.2,-1.63581,0.0968783
14.21,-1.63484,0.097001
14.22,-1.63387,0.0971242
14.23,-1.6329,0.0972479
14.24,-1.63193,0.0973721
14.25,-1.63095,0.0974968
14.26,-1.62998,0.0976221
14.27,-1.629,0.0977478
14.28,-1.62802,0.0978741
14.29,-1.62704,0.0980009
14.3,-1.62606,0.0981282
14.31,-1.62508,0.098256
14.32,-1.6241,0.0983844
14.33,-1.62311,0.0985133
14.34,-1.62213,0.0986427
14.35,-1.62114,0.0987727
14.36,-1.62015,0.0989033
14.37,-1.61916,0.0990343
14.38,-1.61817,0.099166
14.39,-1.61718,0.0992982
14.4,-1.61619,0.0994309
14.41,-1.61519,0.0995643
14.42,-1.61419,0.0996982
14.43,-1.6132,0.0998326
14.44,-1.6122,0.0999677
14.45,-1.6112,0.100103
14.46,-1.6102,0.10024
14.47,-1.60919,0.100376
14.48,-1.60819,0.100514
14.49,-1.60718,0.100652
14.5,-1.60617,0.10079
14.51,-1.60517,0.10093
14.52,-1.60416,0.101069
14.53,-1.60314,0.10121
14.54,-1.60213,0.101351
14.55,-1.60112,0.101493
14.56,-1.6001,0.101635
14.57,-1.59908,0.101778
14.58,-1.59807,0.101922
14.59,-1.59705,0.102066
14.6,-1.59602,0.102211
14.61,-1.595,0.102356
14.62,-1.59398,0.102502
14.63,-1.59295,0.102649
14.64,-1.59192,0.102797
14.65,-1.5909,0.102945
14.66,-1.58987,0.103094
14.67,-1.58883,0.103244
14.68,-1.5878,0.103394
14.69,-1.58677,0.103545
14.7,-1.58573,0.103697
14.71,-1.58469,0.103849
14.72,-1.58365,0.104002
14.73,-1.58261,0.104156
14.74,-1.58157,0.10431
14.75,-1.58053,0.104466
14.76,-1.57948,0.104622
14.77,-1.57843,0.104778
14.78,-1.57739,0.104936
14.79,-1.57634,0.105094
14.8,-1.57528,0.105253
14.81,-1.57423,0.105413
14.82,-1.57318,0.105574
14.83,-1.57212,0.105735
14.84,-1.57106,0.105897
14.85,-1.57,0.10606
14.86,-1.56894,0.106224
14.87,-1.56788,0.106388
14.88,-1.56681,0.106553
14.89,-1.56575,0.106719
14.9,-1.56468,0.106886
14.91,-1.56361,0.107054
14.92,-1.56254,0.107223
14.93,-1.56146,0.107392
14.94,-1.56039,0.107562
14.95,-1.55931,0.107734
14.96,-1.55823,0.107906
14.97,-1.55715,0.108078
14.98,-1.55607,0.108252
14.99,-1.55499,0.108427
15,-1.5539,0.108602
15.01,-1.55282,0.108779
15.02,-1.55173,0.108956
15.03,-1.55064,0.109134
15.04,-1.54955,0.109314
15.05,-1.54845,0.109494
15.06,-1.54736,0.109675
15.07,-1.54626,0.109857
15.08,-1.54516,0.11004
15.09,-1.54406,0.110224
15.1,-1.54295,0.110408
15.11,-1.54185,0.110594
15.12,-1.54074,0.110781
15.13,-1.53963,0.110969
15.14,-1.53852,0.111158
15.15,-1.53741,0.111348
15.16,-1.5363,0.111539
15.17,-1.53518,0.111731
15.18,-1.53406,0.111924
15.19,-1.53294,0.112118
15.2,-1.53182,0.112313
15.21,-1.53069,0.112509
15.22,-1.52957,0.112706
15.23,-1.52844,0.112905
15.24,-1.52731,0.113104
15.25,-1.52618,0.113305
15.26,-1.52504,0.113506
15.27,-1.52391,0.113709
15.28,-1.52277,0.113913
15.29,-1.52163,0.114118
15.3,-1.52049,0.114324
15.31,-1.51934,0.114532
15.32,-1.5182,0.11474
15.33,-1.51705,0.11495
15.34,-1.5159,0.115161
15.35,-1.51475,0.115374
15.36,-1.51359,0.115587
15.37,-1.51243,0.115802
15.38,-1.51127,0.116018
15.39,-1.51011,0.116235
15.4,-1.50895,0.116454
15.41,-1.50778,0.116674
15.42,-1.50662,0.116895
15.43,-1.50545,0.117117
15.44,-1.50427,0.117341
15.45,-1.5031,0.117566
15.46,-1.50192,0.117793
15.47,-1.50074,0.11802
15.48,-1.49956,0.11825
15.49,-1.49838,0.11848
15.5,-1.49719,0.118712
15.51,-1.496,0.118946
15.52,-1.49481,0.119181
15.53,-1.49362,0.119417
15.54,-1.49243,0.119655
15.55,-1.49123,0.119894
15.56,-1.49003,0.120135
15.57,-1.48882,0.120378
15.58,-1.48762,0.120621
15.59,-1.48641,0.120867
15.6,-1.4852,0.121114
15.61,-1.48399,0.121363
15.62,-1.48278,0.121613
15.63,-1.48156,0.121864
15.64,-1.48034,0.122118
15.65,-1.47912,0.122373
15.66,-1.47789,0.12263
15.67,-1.47666,0.122888
15.68,-1.47543,0.123148
15.69,-1.4742,0.12341
15.7,-1.47296,0.123674
15.71,-1.47173,0.123939
15.72,-1.47049,0.124206
15.73,-1.46924,0.124475
15.74,-1.468,0.124746
15.75,-1.46675,0.125018
15.76,-1.4655,0.125293
15.77,-1.46424,0.125569
15.78,-1.46298,0.125847
15.79,-1.46172,0.126128
15.8,-1.46046,0.12641
15.81,-1.4592,0.126694
15.82,-1.45793,0.12698
15.83,-1.45666,0.127268
15.84,-1.45538,0.127558
15.85,-1.45411,0.12785
15.86,-1.45283,0.128144
15.87,-1.45154,0.12844
15.88,-1.45026,0.128739
15.89,-1.44897,0.12904
15.9,-1.44768,0.129342
15.91,-1.44638,0.129647
15.92,-1.44508,0.129955
15.93,-1.44378,0.130264
15.94,-1.44248,0.130576
15.95,-1.44117,0.13089
15.96,-1.43986,0.131206
15.97,-1.43855,0.131525
15.98,-1.43723,0.131846
15.99,-1.43591,0.13217
16,-1.43459,0.132496
16.01,-1.43326,0.132824
16.02,-1.43193,0.133156
16.03,-1.4306,0.133489
16.04,-1.42926,0.133825
16.05,-1.42792,0.134164
16.06,-1.42658,0.134506
16.07,-1.42523,0.13485
16.08,-1.42388,0.135197
16.09,-1.42253,0.135546
16.1,-1.42117,0.135899
16.11,-1.41981,0.136254
16.12,-1.41844,0.136612
16.13,-1.41708,0.136973
16.14,-1.4157,0.137337
16.15,-1.41433,0.137704
16.16,-1.41295,0.138074
16.17,-1.41157,0.138447
16.18,-1.41018,0.138823
16.19,-1.40879,0.139202
16.2,-1.4074,0.139585
16.21,-1.406,0.13997
16.22,-1.4046,0.140359
16.23,-1.40319,0.140751
16.24,-1.40178,0.141147
16.25,-1.40037,0.141546
16.26,-1.39895,0.141948
16.27,-1.39753,0.142354
16.28,-1.3961,0.142764
16.29,-1.39467,0.143177
16.3,-1.39324,0.143593
16.31,-1.3918,0.144014
16.32,-1.39036,0.144438
16.33,-1.38891,0.144866
16.34,-1.38746,0.145298
16.35,-1.38601,0.145734
16.36,-1.38455,0.146173
16.37,-1.38308,0.146617
16.38,-1.38162,0.147065
16.39,-1.38014,0.147517
16.4,-1.37867,0.147973
16.41,-1.37718,0.148434
16.42,-1.3757,0.148899
16.43,-1.37421,0.149368
16.44,-1.37271,0.149842
16.45,-1.37121,0.15032
16.46,-1.3697,0.150803
16.47,-1.36819,0.151291
16.48,-1.36668,0.151784
16.49,-1.36516,0.152281
16.5,-1.36363,0.152783
16.51,-1.3621,0.15329
16.52,-1.36057,0.153803
16.53,-1.35903,0.15432
16.54,-1.35748,0.154843
16.55,-1.35593,0.155371
16.56,-1.35437,0.155905
16.57,-1.35281,0.156444
16.58,-1.35124,0.156988
16.59,-1.34967,0.157538
16.6,-1.34809,0.158095
16.61,-1.34651,0.158657
16.62,-1.34492,0.159225
16.63,-1.34332,0.159799
16.64,-1.34172,0.160379
16.65,-1.34012,0.160965
16.66,-1.3385,0.161558
16.67,-1.33689,0.162158
16.68,-1.33526,0.162764
16.69,-1.33363,0.163377
16.7,-1.33199,0.163997
16.71,-1.33035,0.164623
16.72,-1.3287,0.165257
16.73,-1.32704,0.165898
16.74,-1.32538,0.166547
16.75,-1.32371,0.167203
16.76,-1.32204,0.167867
16.77,-1.32036,0.168538
16.78,-1.31867,0.169217
16.79,-1.31697,0.169905
16.8,-1.31527,0.170601
16.81,-1.31356,0.171305
16.82,-1.31184,0.172018
16.83,-1.31012,0.172739
16.84,-1.30839,0.17347
16.85,-1.30665,0.174209
16.86,-1.3049,0.174958
16.87,-1.30315,0.175716
16.88,-1.30139,0.176484
16.89,-1.29962,0.177261
16.9,-1.29784,0.178049
16.91,-1.29606,0.178847
16.92,-1.29427,0.179655
16.93,-1.29247,0.180474
16.94,-1.29066,0.181304
16.95,-1.28884,0.182145
16.96,-1.28702,0.182997
16.97,-1.28518,0.183861
16.98,-1.28334,0.184737
16.99,-1.28149,0.185625
17,-1.27963,0.186525
17.01,-1.27776,0.187438
17.02,-1.27588,0.188363
17.03,-1.27399,0.189302
17.04,-1.27209,0.190254
17.05,-1.27018,0.19122
17.06,-1.26827,0.192201
17.07,-1.26634,0.193195
17.08,-1.2644,0.194204
17.09,-1.26246,0.195229
17.1,-1.2605,0.196268
17.11,-1.25853,0.197324
17.12,-1.25655,0.198396
17.13,-1.25456,0.199484
17.14,-1.25256,0.200589
17.15,-1.25055,0.201712
17.16,-1.24853,0.202852
17.17,-1.24649,0.204011
17.18,-1.24445,0.205188
17.19,-1.24239,0.206385
17.2,-1.24032,0.207601
17.21,-1.23824,0.208837
17.22,-1.23614,0.210094
17.23,-1.23403,0.211372
17.24,-1.23191,0.212672
17.25,-1.22978,0.213994
17.26,-1.22763,0.21534
17.27,-1.22547,0.216708
17.28,-1.2233,0.218101
17.29,-1.22111,0.219519
17.3,-1.21891,0.220962
17.31,-1.21669,0.222431
17.32,-1.21446,0.223927
17.33,-1.21221,0.225451
17.34,-1.20995,0.227004
17.35,-1.20767,0.228585
17.36,-1.20538,0.230197
17.37,-1.20307,0.23184
17.38,-1.20074,0.233515
17.39,-1.1984,0.235222
17.4,-1.19604,0.236964
17.41,-1.19366,0.238741
17.42,-1.19126,0.240553
17.43,-1.18885,0.242403
17.44,-1.18642,0.24429
17.45,-1.18396,0.246218
17.46,-1.18149,0.248186
17.47,-1.179,0.250195
17.48,-1.17649,0.252249
17.49,-1.17395,0.254347
17.5,-1.1714,0.256491
17.51,-1.16882,0.258683
17.52,-1.16623,0.260925
17.53,-1.16361,0.263217
17.54,-1.16096,0.265563
17.55,-1.15829,0.267963
17.56,-1.1556,0.27042
17.57,-1.15289,0.272935
17.58,-1.15014,0.275511
17.59,-1.14738,0.27815
17.6,-1.14458,0.280854
17.61,-1.14176,0.283626
17.62,-1.13891,0.286468
17.63,-1.13603,0.289382
17.64,-1.13312,0.292373
17.65,-1.13018,0.295441
17.66,-1.12721,0.298592
17.67,-1.12421,0.301827
17.68,-1.12117,0.30515
17.69,-1.11811,0.308565
17.7,-1.115,0.312075
17.71,-1.11186,0.315685
17.72,-1.10869,0.319398
17.73,-1.10548,0.32322
17.74,-1.10222,0.327154
17.75,-1.09893,0.331205
17.76,-1.0956,0.335379
17.77,-1.09222,0.339681
17.78,-1.0888,0.344117
17.79,-1.08534,0.348693
17.8,-1.08183,0.353415
17.81,-1.07827,0.35829
17.82,-1.07466,0.363326
17.83,-1.071,0.36853
17.84,-1.06729,0.373911
17.85,-1.06353,0.379476
17.86,-1.0597,0.385235
17.87,-1.05582,0.391199
17.88,-1.05188,0.397377
17.89,-1.04787,0.40378
17.9,-1.0438,0.410421
17.91,-1.03966,0.417312
17.92,-1.03545,0.424467
17.93,-1.03117,0.4319
17.94,-1.02682,0.439627
17.95,-1.02238,0.447663
17.96,-1.01786,0.456028
17.97,-1.01326,0.46474
17.98,-1.00857,0.47382
17.99,-1.00378,0.483289
18,-0.998898,0.493171
18.01,-0.993915,0.503493
18.02,-0.988827,0.514281
18.03,-0.983628,0.525565
18.04,-0.978313,0.537378
18.05,-0.972878,0.549755
18.06,-0.967316,0.562732
18.07,-0.961621,0.576352
18.08,-0.955787,0.590658
18.09,-0.949806,0.605699
18.1,-0.94367,0.621528
18.11,-0.937373,0.638203
18.12,-0.930903,0.655785
18.13,-0.924254,0.674343
18.14,-0.917413,0.693954
18.15,-0.910371,0.714698
18.16,-0.903115,0.736668
18.17,-0.895633,0.759961
18.18,-0.887911,0.784689
18.19,-0.879934,0.810972
18.2,-0.871686,0.838945
18.21,-0.863149,0.868755
18.22,-0.854304,0.900567
18.23,-0.84513,0.934566
18.24,-0.835605,0.970953
18.25,-0.825703,1.00996
18.26,-0.815396,1.05183
18.27,-0.804655,1.09687
18.28,-0.793447,1.14538
18.29,-0.781735,1.19772
18.3,-0.769479,1.25431
18.31,-0.756633,1.3156
18.32,-0.743149,1.38211
18.33,-0.728972,1.45444
18.34,-0.714039,1.53324
18.35,-0.698283,1.61929
18.36,-0.681626,1.71346
18.37,-0.663983,1.81675
18.38,-0.645257,1.93031
18.39,-0.625338,2.05545
18.4,-0.604104,2.19369
18.41,-0.581415,2.34678
18.42,-0.557112,2.51673
18.43,-0.531016,2.70588
18.44,-0.502922,2.91689
18.45,-0.472596,3.15286
18.46,-0.43977,3.41734
18.47,-0.40414,3.71438
18.48,-0.365359,4.04859
18.49,-0.323027,4.42514
18.5,-0.276696,4.84971
18.51,-0.225853,5.32845
18.52,-0.169925,5.86766
18.53,-0.108278,6.4734
18.54,-0.0402185,7.15073
18.55,0.0349851,7.90244
18.56,0.118075,8.72723
18.57,0.209748,9.61705
18.58,0.310573,10.5536
18.59,0.420869,11.5043
18.6,0.540539,12.4182
18.61,0.668877,13.2245
18.62,0.804377,13.8348
18.63,0.9446,14.1537
18.64,1.08619,14.0973
18.65,1.22512,13.6173
18.66,1.35714,12.7219
18.67,1.4784,11.4814
18.68,1.58601,10.0147
18.69,1.67841,8.46022
18.7,1.75535,6.94402
18.71,1.81773,5.55881
18.72,1.86714,4.35703
18.73,1.90554,3.35582
18.74,1.9349,2.54755
18.75,1.95706,1.91058
18.76,1.97359,1.41769
18.77,1.9858,1.0415
18.78,1.99473,0.757284
18.79,2.00118,0.544177
18.8,2.00579,0.385268
18.81,2.00902,0.267248
18.82,2.01124,0.179848
18.83,2.0127,0.115256
18.84,2.0136,0.0675885
18.85,2.01409,0.0324431
18.86,2.01428,0.00654545
18.87,2.01424,-0.012532
18.88,2.01404,-0.0265845
18.89,2.01372,-0.0369368
18.9,2.01331,-0.0445657
18.91,2.01284,-0.0501905
18.92,2.01231,-0.0543405
18.93,2.01175,-0.0574054
18.94,2.01117,-0.0596718
18.95,2.01056,-0.0613505
18.96,2.00994,-0.0625967
18.97,2.00931,-0.0635244
18.98,2.00867,-0.0642177
18.99,2.00803,-0.0647382
19,2.00738,-0.0651315
19.01,2.00673,-0.0654311
19.02,2.00607,-0.0656617
19.03,2.00541,-0.0658413
19.04,2.00475,-0.0659834
19.05,2.00409,-0.0660979
19.06,2.00343,-0.0661919
19.07,2.00277,-0.066271
19.08,2.00211,-0.0663389
19.09,2.00144,-0.0663987
19.1,2.00078,-0.0664525
19.11,2.00011,-0.0665018
19.12,1.99945,-0.0665479
19.13,1.99878,-0.0665916
19.14,1.99812,-0.0666336
19.15,1.99745,-0.0666743
19.16,1.99678,-0.066714
19.17,1.99612,-0.0667531
19.18,1.99545,-0.0667917
19.19,1.99478,-0.06683
19.2,1.99411,-0.0668681
19.21,1.99344,-0.066906
19.22,1.99277,-0.0669438
19.23,1.9921,-0.0669815
19.24,1.99143,-0.0670192
19.25,1.99076,-0.0670569
19.26,1.99009,-0.0670947
19.27,1.98942,-0.0671324
19.28,1.98875,-0.0671703
19.29,1.98808,-0.0672081
19.3,1.98741,-0.067246
19.31,1.98673,-0.067284
19.32,1.98606,-0.067322
19.33,1.98539,-0.0673601
19.34,1.98471,-0.0673983
19.35,1.98404,-0.0674365
19.36,1.98336,-0.0674748
19.37,1.98269,-0.0675132
19.38,1.98201,-0.0675516
19.39,1.98134,-0.0675901
19.4,1.98066,-0.0676287
19.41,1.97999,-0.0676673
19.42,1.97931,-0.067706
19.43,1.97863,-0.0677448
19.44,1.97795,-0.0677836
19.45,1.97728,-0.0678226
19.46,1.9766,-0.0678616
19.47,1.97592,-0.0679006
19.48,1.97524,-0.0679398
19.49,1.97456,-0.067979
19.5,1.97388,-0.0680183
19.51,1.9732,-0.0680576
19.52,1.97252,-0.0680971
19.53,1.97184,-0.0681366
19.54,1.97116,-0.0681762
19.55,1.97047,-0.0682158
19.56,1.96979,-0.0682556
19.57,1.96911,-0.0682954
19.58,1.96843,-0.0683352
19.59,1.96774,-0.0683752
19.6,1.96706,-0.0684152
19.61,1.96637,-0.0684553
19.62,1.96569,-0.0684955
19.63,1.965,-0.0685358
19.64,1.96432,-0.0685761
19.65,1.96363,-0.0686165
19.66,1.96295,-0.068657
19.67,1.96226,-0.0686976
19.68,1.96157,-0.0687382
19.69,1.96088,-0.0687789
19.7,1.9602,-0.0688197
19.71,1.95951,-0.0688606
19.72,1.95882,-0.0689016
19.73,1.95813,-0.0689426
19.74,1.95744,-0.0689837
19.75,1.95675,-0.0690249
19.76,1.95606,-0.0690662
19.77,1.95537,-0.0691075
19.78,1.95468,-0.069149
19.79,1.95399,-0.0691905
19.8,1.95329,-0.0692321
19.81,1.9526,-0.0692737
19.82,1.95191,-0.0693155
19.83,1.95122,-0.0693573
19.84,1.95052,-0.0693992
19.85,1.94983,-0.0694412
19.86,1.94913,-0.0694833
19.87,1.94844,-0.0695255
19.88,1.94774,-0.0695677
19.89,1.94705,-0.06961
19.9,1.94635,-0.0696525
19.91,1.94565,-0.069695
19.92,1.94496,-0.0697375
19.93,1.94426,-0.0697802
19.94,1.94356,-0.0698229
19.95,1.94286,-0.0698658
19.96,1.94216,-0.0699087
19.97,1.94146,-0.0699517
19.98,1.94076,-0.0699948
19.99,1.94006,-0.0700379
20,1.93936,-0.0700812
