t,x_euler,v_euler,E_euler,x_rk4,v_rk4,E_rk4,x_verlet,v_verlet,E_verlet,x_true,v_true,E_true
0,1,0,0.5,1,0,0.5,1,0,0.5,1,0,0.5
0.1,1,-0.1,0.505,0.995004,-0.0998333,0.5,0.995,-0.09975,0.499988,0.995004,-0.0998334,0.5
0.2,0.99,-0.2,0.51005,0.980067,-0.198669,0.5,0.98005,-0.198502,0.499951,0.980067,-0.198669,0.5
0.3,0.97,-0.299,0.51515,0.955337,-0.29552,0.5,0.9553,-0.29527,0.499891,0.955336,-0.29552,0.5
0.4,0.9401,-0.396,0.520302,0.921061,-0.389418,0.5,0.920996,-0.389085,0.49981,0.921061,-0.389418,0.5
0.5,0.9005,-0.49001,0.525505,0.877583,-0.479425,0.5,0.877483,-0.479009,0.499712,0.877583,-0.479426,0.5
0.6,0.851499,-0.58006,0.53076,0.825336,-0.564642,0.5,0.825194,-0.564143,0.499601,0.825336,-0.564642,0.5
0.7,0.793493,-0.66521,0.536068,0.764843,-0.644217,0.5,0.764654,-0.643635,0.499481,0.764842,-0.644218,0.5
0.8,0.726972,-0.744559,0.541428,0.696707,-0.717356,0.5,0.696467,-0.716691,0.499356,0.696707,-0.717356,0.5
0.9,0.652516,-0.817256,0.546843,0.621611,-0.783326,0.5,0.621316,-0.78258,0.499233,0.62161,-0.783327,0.5
1,0.57079,-0.882508,0.552311,0.540303,-0.84147,0.5,0.539951,-0.840644,0.499114,0.540302,-0.841471,0.5
1.1,0.48254,-0.939587,0.557834,0.453597,-0.891207,0.5,0.453187,-0.8903,0.499007,0.453596,-0.891207,0.5
1.2,0.388581,-0.987841,0.563413,0.362359,-0.932039,0.5,0.361891,-0.931054,0.498914,0.362358,-0.932039,0.5
1.3,0.289797,-1.0267,0.569047,0.2675,-0.963558,0.5,0.266976,-0.962498,0.498839,0.267499,-0.963558,0.5
1.4,0.187127,-1.05568,0.574737,0.169968,-0.985449,0.5,0.169392,-0.984316,0.498786,0.169967,-0.98545,0.5
1.5,0.0815591,-1.07439,0.580484,0.0707384,-0.997495,0.5,0.0701131,-0.996291,0.498756,0.0707372,-0.997495,0.5
1.6,-0.0258801,-1.08255,0.586289,-0.0291982,-0.999574,0.5,-0.0298666,-0.998304,0.498751,-0.0291995,-0.999574,0.5
1.7,-0.134135,-1.07996,0.592152,-0.128843,-0.991665,0.5,-0.129548,-0.990333,0.498771,-0.128844,-0.991665,0.5
1.8,-0.242131,-1.06655,0.598074,-0.227201,-0.973848,0.5,-0.227933,-0.972459,0.498815,-0.227202,-0.973848,0.5
1.9,-0.348785,-1.04233,0.604054,-0.323288,-0.9463,0.5,-0.324039,-0.94486,0.498881,-0.32329,-0.9463,0.5
2,-0.453019,-1.00745,0.610095,-0.416145,-0.909298,0.5,-0.416905,-0.907813,0.498967,-0.416147,-0.909297,0.5
2.1,-0.553764,-0.962152,0.616196,-0.504845,-0.86321,0.5,-0.505602,-0.861688,0.49907,-0.504846,-0.863209,0.5
2.2,-0.649979,-0.906776,0.622358,-0.5885,-0.808497,0.5,-0.589243,-0.806945,0.499184,-0.588501,-0.808496,0.5
2.3,-0.740657,-0.841778,0.628582,-0.666274,-0.745706,0.5,-0.666991,-0.744134,0.499306,-0.666276,-0.745705,0.5
2.4,-0.824835,-0.767712,0.634867,-0.737392,-0.675465,0.5,-0.73807,-0.673881,0.499431,-0.737394,-0.675463,0.5
2.5,-0.901606,-0.685229,0.641216,-0.801142,-0.598474,0.5,-0.801767,-0.596889,0.499554,-0.801144,-0.598472,0.5
2.6,-0.970129,-0.595068,0.647628,-0.856887,-0.515503,0.5,-0.857447,-0.513928,0.499669,-0.856889,-0.515501,0.5
2.7,-1.02964,-0.498055,0.654104,-0.904071,-0.427382,0.5,-0.904553,-0.425828,0.499773,-0.904072,-0.42738,0.5
2.8,-1.07944,-0.395092,0.660645,-0.942221,-0.33499,0.5,-0.942613,-0.33347,0.499861,-0.942222,-0.334988,0.5
2.9,-1.11895,-0.287148,0.667252,-0.970957,-0.239252,0.5,-0.971247,-0.237777,0.499929,-0.970958,-0.239249,0.5
3,-1.14767,-0.175253,0.673924,-0.989992,-0.141122,0.5,-0.990168,-0.139706,0.499976,-0.989992,-0.14112,0.5
3.1,-1.16519,-0.0604862,0.680664,-0.999135,-0.0415832,0.5,-0.999188,-0.0402382,0.499998,-0.999135,-0.0415807,0.5
3.2,-1.17124,0.0560329,0.68747,-0.998295,0.0583715,0.5,-0.998216,0.059632,0.499996,-0.998295,0.0583741,0.5
3.3,-1.16564,0.173157,0.694345,-0.98748,0.157743,0.5,-0.987262,0.158906,0.499968,-0.98748,0.157746,0.5
3.4,-1.14832,0.28972,0.701288,-0.966799,0.255538,0.5,-0.966435,0.256591,0.499917,-0.966798,0.255541,0.5
3.5,-1.11935,0.404552,0.708301,-0.936457,0.35078,0.5,-0.935944,0.35171,0.499845,-0.936457,0.350783,0.5
3.6,-1.07889,0.516487,0.715384,-0.89676,0.442518,0.5,-0.896093,0.443311,0.499754,-0.896758,0.44252,0.5
3.7,-1.02724,0.624376,0.722538,-0.848101,0.529833,0.5,-0.847281,0.53048,0.499647,-0.8481,0.529836,0.5
3.8,-0.964806,0.727101,0.729764,-0.790969,0.611855,0.5,-0.789997,0.612344,0.49953,-0.790968,0.611858,0.5
3.9,-0.892096,0.823582,0.737061,-0.725934,0.687764,0.5,-0.724812,0.688084,0.499407,-0.725932,0.687766,0.5
4,-0.809738,0.912791,0.744432,-0.653646,0.7568,0.5,-0.65238,0.756944,0.499282,-0.653644,0.756802,0.5
4.1,-0.718459,0.993765,0.751876,-0.574827,0.818275,0.5,-0.573424,0.818234,0.499161,-0.574824,0.818277,0.5
4.2,-0.619083,1.06561,0.759395,-0.490264,0.871574,0.5,-0.488733,0.871342,0.499049,-0.490261,0.871576,0.5
4.3,-0.512522,1.12752,0.766989,-0.400802,0.916164,0.5,-0.399155,0.915737,0.498949,-0.400799,0.916166,0.5
4.4,-0.39977,1.17877,0.774659,-0.307336,0.951601,0.5,-0.305586,0.950974,0.498867,-0.307333,0.951602,0.5
4.5,-0.281892,1.21875,0.782405,-0.210799,0.977529,0.5,-0.20896,0.976701,0.498805,-0.210796,0.97753,0.5
4.6,-0.160018,1.24694,0.790229,-0.112156,0.99369,0.5,-0.110246,0.992661,0.498765,-0.112153,0.993691,0.5
4.7,-0.0353239,1.26294,0.798132,-0.0123926,0.999923,0.5,-0.0104283,0.998695,0.49875,-0.0123887,0.999923,0.5
4.8,0.09097,1.26647,0.806113,0.087495,0.996165,0.5,0.0894934,0.994742,0.49876,0.087499,0.996165,0.5
4.9,0.217617,1.25737,0.814174,0.186508,0.982453,0.5,0.18852,0.980841,0.498794,0.186512,0.982453,0.5
5,0.343355,1.23561,0.822316,0.283658,0.958925,0.5,0.285662,0.957132,0.498852,0.283662,0.958924,0.5
5.1,0.466916,1.20128,0.830539,0.377974,0.925816,0.5,0.379946,0.923851,0.49893,0.377978,0.925815,0.5
5.2,0.587044,1.15459,0.838844,0.468513,0.883456,0.5,0.470432,0.881333,0.499027,0.468517,0.883455,0.5
5.3,0.702502,1.09588,0.847233,0.55437,0.83227,0.5,0.556213,0.83,0.499137,0.554374,0.832267,0.5
5.4,0.81209,1.02563,0.855705,0.634689,0.772767,0.5,0.636432,0.770368,0.499256,0.634693,0.772764,0.5
5.5,0.914654,0.944422,0.864262,0.708666,0.705543,0.5,0.710287,0.703032,0.499381,0.70867,0.70554,0.5
5.6,1.0091,0.852957,0.872905,0.775563,0.63127,0.5,0.777038,0.628666,0.499505,0.775566,0.631267,0.5
5.7,1.09439,0.752047,0.881634,0.83471,0.550689,0.5,0.83602,0.548013,0.499624,0.834713,0.550686,0.5
5.8,1.1696,0.642608,0.89045,0.885517,0.464606,0.5,0.886641,0.46188,0.499733,0.88552,0.464602,0.5
5.9,1.23386,0.525649,0.899355,0.927476,0.373881,0.5,0.928396,0.371128,0.499827,0.927478,0.373877,0.5
6,1.28642,0.402263,0.908348,0.960168,0.27942,0.5,0.960867,0.276665,0.499904,0.96017,0.279415,0.5
6.1,1.32665,0.273621,0.917432,0.983267,0.182167,0.5,0.983729,0.179435,0.49996,0.983268,0.182163,0.5
6.2,1.35401,0.140956,0.926606,0.996541,0.0830945,0.5,0.996754,0.0804111,0.499992,0.996542,0.0830894,0.5
6.3,1.36811,0.00555481,0.935872,0.999858,-0.0168087,0.5,0.999811,-0.0194171,0.5,0.999859,-0.0168139,0.5
6.4,1.36866,-0.131256,0.945231,0.993185,-0.116544,0.5,0.99287,-0.119051,0.499982,0.993185,-0.116549,0.5
6.5,1.35554,-0.268122,0.954683,0.976588,-0.215115,0.5,0.976001,-0.217495,0.499941,0.976588,-0.21512,0.5
6.6,1.32872,-0.403675,0.96423,0.950234,-0.311536,0.5,0.949371,-0.313763,0.499877,0.950233,-0.311541,0.5
6.7,1.28836,-0.536548,0.973872,0.914385,-0.404845,0.5,0.913248,-0.406894,0.499793,0.914383,-0.40485,0.5
6.8,1.2347,-0.665383,0.983611,0.8694,-0.494108,0.5,0.867992,-0.495956,0.499692,0.869397,-0.494113,0.5
6.9,1.16816,-0.788854,0.993447,0.815728,-0.578435,0.5,0.814057,-0.580059,0.499578,0.815725,-0.57844,0.5
7,1.08928,-0.90567,1.00338,0.753906,-0.656982,0.5,0.751981,-0.658361,0.499457,0.753902,-0.656987,0.5
7.1,0.998711,-1.0146,1.01342,0.684551,-0.728965,0.5,0.682385,-0.730079,0.499332,0.684547,-0.728969,0.5
7.2,0.897251,-1.11447,1.02355,0.608356,-0.793664,0.5,0.605965,-0.794496,0.499209,0.608351,-0.793668,0.5
7.3,0.785804,-1.20419,1.03379,0.526082,-0.850433,0.499999,0.523485,-0.850969,0.499093,0.526078,-0.850437,0.5
7.4,0.665385,-1.28277,1.04412,0.438553,-0.898705,0.499999,0.435771,-0.898932,0.498987,0.438547,-0.898708,0.5
7.5,0.537107,-1.34931,1.05456,0.346641,-0.937997,0.499999,0.343699,-0.937905,0.498898,0.346635,-0.938,0.5
7.6,0.402176,-1.40302,1.06511,0.251266,-0.967918,0.499999,0.24819,-0.9675,0.498827,0.25126,-0.96792,0.5
7.7,0.261874,-1.44324,1.07576,0.15338,-0.988167,0.499999,0.150199,-0.987419,0.498778,0.153374,-0.988168,0.5
7.8,0.117549,-1.46943,1.08652,0.0539619,-0.998542,0.499999,0.0507062,-0.997464,0.498753,0.0539554,-0.998543,0.5
7.9,-0.0293934,-1.48118,1.09738,-0.0459955,-0.998941,0.499999,-0.0492938,-0.997535,0.498753,-0.0460021,-0.998941,0.5
8,-0.177512,-1.47824,1.10836,-0.145493,-0.989359,0.499999,-0.148801,-0.98763,0.498778,-0.1455,-0.989358,0.5
8.1,-0.325336,-1.46049,1.11944,-0.243537,-0.969891,0.499999,-0.24682,-0.967849,0.498826,-0.243544,-0.96989,0.5
8.2,-0.471385,-1.42796,1.13064,-0.339148,-0.940732,0.499999,-0.342371,-0.93839,0.498897,-0.339155,-0.940731,0.5
8.3,-0.614181,-1.38082,1.14194,-0.43137,-0.902174,0.499999,-0.434498,-0.899546,0.498986,-0.431377,-0.902172,0.5
8.4,-0.752263,-1.3194,1.15336,-0.519282,-0.854602,0.499999,-0.52228,-0.851707,0.499091,-0.519289,-0.854599,0.5
8.5,-0.884204,-1.24418,1.16489,-0.602006,-0.798491,0.499999,-0.604839,-0.795352,0.499207,-0.602012,-0.798487,0.5
8.6,-1.00862,-1.15576,1.17654,-0.678714,-0.734402,0.499999,-0.68135,-0.731042,0.49933,-0.67872,-0.734397,0.5
8.7,-1.1242,-1.05489,1.18831,-0.748641,-0.662974,0.499999,-0.751048,-0.659422,0.499455,-0.748647,-0.662969,0.5
8.8,-1.22969,-0.942474,1.20019,-0.811088,-0.584923,0.499999,-0.813235,-0.581208,0.499577,-0.811093,-0.584917,0.5
8.9,-1.32393,-0.819505,1.21219,-0.865431,-0.501027,0.499999,-0.867289,-0.497182,0.49969,-0.865435,-0.501021,0.5
9,-1.40588,-0.687112,1.22432,-0.911127,-0.412125,0.499999,-0.912671,-0.408184,0.499791,-0.91113,-0.412118,0.5
9.1,-1.4746,-0.546524,1.23656,-0.947719,-0.319105,0.499999,-0.948926,-0.315104,0.499876,-0.947722,-0.319098,0.5
9.2,-1.52925,-0.399064,1.24893,-0.974841,-0.222897,0.499999,-0.975692,-0.218873,0.49994,-0.974844,-0.22289,0.5
9.3,-1.56915,-0.246139,1.26141,-0.992224,-0.124462,0.499999,-0.992701,-0.120453,0.499982,-0.992225,-0.124454,0.5
9.4,-1.59377,-0.0892239,1.27403,-0.999692,-0.0247832,0.499999,-0.999783,-0.0208293,0.499999,-0.999693,-0.0247754,0.5
9.5,-1.60269,0.0701529,1.28677,-0.997172,0.0751432,0.499999,-0.996867,0.0790032,0.499992,-0.997172,0.0751511,0.5
9.6,-1.59567,0.230422,1.29964,-0.984689,0.174319,0.499999,-0.983982,0.178046,0.49996,-0.984688,0.174327,0.5
9.7,-1.57263,0.389989,1.31263,-0.962366,0.271753,0.499999,-0.961257,0.275308,0.499905,-0.962365,0.271761,0.5
9.8,-1.53363,0.547253,1.32576,-0.930429,0.366471,0.499999,-0.92892,0.369816,0.499829,-0.930426,0.366479,0.5
9.9,-1.47891,0.700616,1.33902,-0.889194,0.457528,0.499999,-0.887294,0.460627,0.499734,-0.889191,0.457536,0.5
10,-1.40885,0.848507,1.35241,-0.839075,0.544014,0.499999,-0.836795,0.546832,0.499625,-0.839072,0.544021,0.5
10.1,-1.324,0.989392,1.36593,-0.780573,0.625064,0.499999,-0.777928,0.627568,0.499506,-0.780568,0.625071,0.5
10.2,-1.22506,1.12179,1.37959,-0.714271,0.699868,0.499999,-0.711281,0.702028,0.499382,-0.714266,0.699875,0.5
10.3,-1.11288,1.2443,1.39339,-0.640833,0.76768,0.499999,-0.637522,0.769468,0.499258,-0.640826,0.767686,0.5
10.4,-0.988448,1.35558,1.40732,-0.560991,0.827821,0.499999,-0.557388,0.829214,0.499138,-0.560984,0.827826,0.5
10.5,-0.85289,1.45443,1.42139,-0.475544,0.879691,0.499999,-0.471679,0.880667,0.499028,-0.475537,0.879696,0.5
10.6,-0.707447,1.53972,1.43561,-0.385346,0.922771,0.499999,-0.381254,0.923314,0.498932,-0.385338,0.922775,0.5
10.7,-0.553475,1.61046,1.44996,-0.291298,0.956632,0.499999,-0.287017,0.956727,0.498853,-0.291289,0.956635,0.5
10.8,-0.392429,1.66581,1.46446,-0.194339,0.980934,0.499999,-0.189909,0.980574,0.498795,-0.19433,0.980936,0.5
10.9,-0.225848,1.70505,1.47911,-0.0954378,0.995435,0.499999,-0.0909018,0.994614,0.49876,-0.0954289,0.995436,0.5
11,-0.0553422,1.72764,1.4939,0.00441656,0.999989,0.499999,0.00901409,0.998709,0.49875,0.0044257,0.99999,0.5
11.1,0.117422,1.73317,1.50884,0.104227,0.994553,0.499999,0.10884,0.992816,0.498765,0.104236,0.994553,0.5
11.2,0.290739,1.72143,1.52393,0.202996,0.979179,0.499999,0.207577,0.976995,0.498804,0.203005,0.979178,0.5
11.3,0.462882,1.69236,1.53917,0.299736,0.954021,0.499999,0.304239,0.951404,0.498866,0.299745,0.954019,0.5
11.4,0.632118,1.64607,1.55456,0.393482,0.919332,0.499999,0.397858,0.916299,0.498948,0.393491,0.919329,0.5
11.5,0.796724,1.58286,1.5701,0.483296,0.875456,0.499999,0.487499,0.872032,0.499047,0.483305,0.875452,0.5
11.6,0.95501,1.50318,1.5858,0.568281,0.822833,0.499999,0.572264,0.819043,0.499159,0.56829,0.822829,0.5
11.7,1.10533,1.40768,1.60166,0.647588,0.761989,0.499999,0.651307,0.757865,0.49928,0.647596,0.761984,0.5
11.8,1.2461,1.29715,1.61768,0.720425,0.693532,0.499999,0.723837,0.689108,0.499405,0.720432,0.693525,0.5
11.9,1.37581,1.17254,1.63385,0.786064,0.618144,0.499999,0.789129,0.613459,0.499528,0.78607,0.618137,0.5
12,1.49307,1.03496,1.65019,0.843848,0.536581,0.499999,0.846529,0.531676,0.499646,0.843854,0.536573,0.5
12.1,1.59656,0.885653,1.6667,0.893201,0.449656,0.499999,0.895464,0.444577,0.499752,0.893206,0.449647,0.5
12.2,1.68513,0.725997,1.68336,0.933629,0.358238,0.499999,0.935445,0.353031,0.499844,0.933634,0.358229,0.5
12.3,1.75773,0.557484,1.7002,0.964729,0.263241,0.499999,0.96607,0.257955,0.499917,0.964733,0.263232,0.5
12.4,1.81348,0.381711,1.7172,0.98619,0.165614,0.499999,0.987036,0.1603,0.499968,0.986192,0.165604,0.5
12.5,1.85165,0.200364,1.73437,0.997797,0.0663322,0.499999,0.998131,0.0610419,0.499995,0.997798,0.0663219,0.5
12.6,1.87168,0.0151991,1.75171,0.999434,-0.0336126,0.499999,0.999244,-0.0388269,0.499998,0.999435,-0.033623,0.5
12.7,1.8732,-0.171969,1.76923,0.991085,-0.133221,0.499999,0.990365,-0.138307,0.499976,0.991085,-0.133232,0.5
12.8,1.85601,-0.359289,1.78692,0.972834,-0.231499,0.499999,0.971583,-0.236405,0.49993,0.972833,-0.23151,0.5
12.9,1.82008,-0.54489,1.80479,0.944863,-0.327464,0.499999,0.943084,-0.332138,0.499862,0.94486,-0.327474,0.5
13,1.76559,-0.726898,1.82284,0.90745,-0.420157,0.499999,0.905155,-0.42455,0.499774,0.907447,-0.420167,0.5
13.1,1.6929,-0.903456,1.84107,0.860971,-0.508652,0.499999,0.858174,-0.512716,0.499671,0.860967,-0.508661,0.5
13.2,1.60255,-1.07275,1.85948,0.80589,-0.592064,0.499999,0.802612,-0.595756,0.499555,0.805884,-0.592074,0.5
13.3,1.49528,-1.233,1.87807,0.742756,-0.669561,0.499999,0.739023,-0.672838,0.499433,0.742749,-0.66957,0.5
13.4,1.37198,-1.38253,1.89685,0.672201,-0.740368,0.499999,0.668044,-0.743191,0.499308,0.672193,-0.740376,0.5
13.5,1.23372,-1.51973,1.91582,0.594929,-0.803777,0.499999,0.590385,-0.806112,0.499186,0.594921,-0.803784,0.5
13.6,1.08175,-1.6431,1.93498,0.511713,-0.859155,0.499999,0.506822,-0.860973,0.499071,0.511704,-0.859162,0.5
13.7,0.917442,-1.75127,1.95433,0.423384,-0.905949,0.499999,0.41819,-0.907223,0.498969,0.423375,-0.905955,0.5
13.8,0.742315,-1.84302,1.97387,0.330825,-0.943691,0.499999,0.325377,-0.944402,0.498882,0.330815,-0.943696,0.5
13.9,0.558013,-1.91725,1.99361,0.234961,-0.972004,0.499999,0.22931,-0.972136,0.498816,0.23495,-0.972008,0.5
14,0.366288,-1.97305,2.01355,0.136749,-0.990605,0.499999,0.13095,-0.990149,0.498771,0.136737,-0.990607,0.5
14.1,0.168982,-2.00968,2.03369,0.03717,-0.999308,0.499999,0.0312802,-0.99826,0.498751,0.0371584,-0.999309,0.5
14.2,-0.0319855,-2.02658,2.05402,-0.0627799,-0.998026,0.499999,-0.0687022,-0.996389,0.498756,-0.0627917,-0.998027,0.5
14.3,-0.234643,-2.02338,2.07456,-0.162103,-0.986773,0.499999,-0.167998,-0.984554,0.498785,-0.162114,-0.986772,0.5
14.4,-0.436981,-1.99992,2.09531,-0.259806,-0.96566,0.499999,-0.265613,-0.962874,0.498838,-0.259817,-0.965658,0.5
14.5,-0.636973,-1.95622,2.11626,-0.354913,-0.934898,0.499999,-0.360572,-0.931565,0.498913,-0.354924,-0.934895,0.5
14.6,-0.832595,-1.89252,2.13742,-0.446474,-0.894796,0.499999,-0.451926,-0.89094,0.499005,-0.446485,-0.894791,0.5
14.7,-1.02185,-1.80926,2.1588,-0.533574,-0.845752,0.499999,-0.53876,-0.841405,0.499113,-0.533584,-0.845747,0.5
14.8,-1.20277,-1.70708,2.18039,-0.615342,-0.788259,0.499999,-0.620207,-0.783457,0.499231,-0.615352,-0.788252,0.5
14.9,-1.37348,-1.5868,2.20219,-0.690963,-0.722889,0.499999,-0.695452,-0.717674,0.499355,-0.690972,-0.722881,0.5
15,-1.53216,-1.44945,2.22421,-0.759679,-0.650297,0.499999,-0.763742,-0.644714,0.499479,-0.759688,-0.650288,0.5
15.1,-1.67711,-1.29623,2.24645,-0.820805,-0.571207,0.499999,-0.824395,-0.565308,0.4996,-0.820813,-0.571197,0.5
15.2,-1.80673,-1.12852,2.26892,-0.87373,-0.486409,0.499999,-0.876803,-0.480248,0.499711,-0.873737,-0.486399,0.5
15.3,-1.91958,-0.947851,2.29161,-0.917925,-0.396752,0.499999,-0.920444,-0.390385,0.499809,-0.917931,-0.396741,0.5
15.4,-2.01437,-0.755893,2.31452,-0.952948,-0.30313,0.499999,-0.95488,-0.296619,0.49989,-0.952953,-0.303118,0.5
15.5,-2.08996,-0.554457,2.33767,-0.97845,-0.20648,0.499999,-0.979768,-0.199887,0.49995,-0.978453,-0.206467,0.5
15.6,-2.1454,-0.345461,2.36105,-0.994175,-0.107766,0.499999,-0.994858,-0.101155,0.499987,-0.994178,-0.107754,0.5
15.7,-2.17995,-0.130921,2.38466,-0.999967,-0.00797621,0.499999,-0.999999,-0.00141246,0.5,-0.999968,-0.00796318,0.5
15.8,-2.19304,0.0870739,2.4085,-0.995768,0.0918937,0.499999,-0.99514,0.0983445,0.499988,-0.995768,0.0919069,0.5
15.9,-2.18433,0.306378,2.43259,-0.981619,0.190845,0.499999,-0.98033,0.197118,0.499951,-0.981618,0.190859,0.5
16,-2.15369,0.524811,2.45691,-0.957662,0.28789,0.499999,-0.955717,0.29392,0.499892,-0.957659,0.287903,0.5
16.1,-2.10121,0.740181,2.48148,-0.924137,0.382059,0.499999,-0.921546,0.387783,0.499812,-0.924133,0.382071,0.5
16.2,-2.0272,0.950302,2.5063,-0.881378,0.47241,0.499999,-0.87816,0.477769,0.499714,-0.881372,0.472422,0.5
16.3,-1.93217,1.15302,2.53136,-0.829812,0.55804,0.499999,-0.825992,0.562976,0.499603,-0.829806,0.558052,0.5
16.4,-1.81686,1.34624,2.55667,-0.769956,0.638095,0.499999,-0.765565,0.642554,0.499483,-0.769948,0.638107,0.5
16.5,-1.68224,1.52792,2.58224,-0.702406,0.711775,0.499999,-0.697481,0.715707,0.499358,-0.702397,0.711785,0.5
16.6,-1.52945,1.69615,2.60806,-0.627838,0.778343,0.499999,-0.622423,0.781702,0.499234,-0.627828,0.778352,0.5
16.7,-1.35983,1.84909,2.63414,-0.546997,0.837133,0.499999,-0.541141,0.83988,0.499116,-0.546986,0.837142,0.5
16.8,-1.17492,1.98508,2.66048,-0.46069,0.88756,0.499999,-0.454447,0.889659,0.499008,-0.460679,0.887567,0.5
16.9,-0.976415,2.10257,2.68709,-0.369781,0.929118,0.499999,-0.363209,0.930542,0.498915,-0.369768,0.929124,0.5
17,-0.766158,2.20021,2.71396,-0.275177,0.961392,0.499999,-0.268339,0.96212,0.49884,-0.275163,0.961397,0.5
17.1,-0.546137,2.27683,2.7411,-0.177823,0.984061,0.499999,-0.170785,0.984076,0.498786,-0.177809,0.984065,0.5
17.2,-0.318455,2.33144,2.76851,-0.0786923,0.996898,0.499999,-0.0715237,0.996191,0.498756,-0.0786782,0.9969,0.5
17.3,-0.0853108,2.36328,2.7962,0.0212244,0.999774,0.499999,0.028453,0.998345,0.498751,0.0212388,0.999774,0.5
17.4,0.151018,2.37182,2.82416,0.120929,0.99266,0.499999,0.128145,0.990515,0.498771,0.120944,0.992659,0.5
17.5,0.388199,2.35671,2.8524,0.219426,0.975628,0.499999,0.226556,0.97278,0.498814,0.21944,0.975626,0.5
17.6,0.623871,2.31789,2.88092,0.31573,0.948848,0.499999,0.322701,0.945317,0.49888,0.315744,0.948844,0.5
17.7,0.85566,2.25551,2.90973,0.408879,0.912587,0.499999,0.415619,0.908401,0.498966,0.408893,0.912582,0.5
17.8,1.08121,2.16994,2.93883,0.497943,0.867208,0.499999,0.504381,0.862401,0.499068,0.497956,0.867202,0.5
17.9,1.2982,2.06182,2.96822,0.582031,0.813165,0.499999,0.5881,0.807777,0.499182,0.582044,0.813157,0.5
18,1.50439,1.932,2.9979,0.660305,0.750996,0.499999,0.665937,0.745075,0.499304,0.660317,0.750987,0.5
18.1,1.69759,1.78156,3.02788,0.73198,0.681324,0.499999,0.737115,0.674923,0.499429,0.731991,0.681314,0.5
18.2,1.87574,1.6118,3.05816,0.796342,0.604844,0.499999,0.800921,0.598021,0.499552,0.796352,0.604833,0.5
18.3,2.03692,1.42423,3.08874,0.852748,0.522321,0.499999,0.856719,0.515139,0.499667,0.852757,0.522309,0.5
18.4,2.17935,1.22054,3.11963,0.900632,0.434579,0.499999,0.903949,0.427105,0.499771,0.90064,0.434566,0.5
18.5,2.3014,1.0026,3.15082,0.939518,0.342495,0.499999,0.94214,0.334801,0.49986,0.939525,0.342481,0.5
18.6,2.40166,0.772461,3.18233,0.969017,0.246988,0.499999,0.970909,0.239148,0.499928,0.969022,0.246974,0.5
18.7,2.47891,0.532295,3.21416,0.988834,0.149014,0.499999,0.98997,0.141104,0.499975,0.988837,0.148999,0.5
18.8,2.53214,0.284404,3.2463,0.99877,0.0495512,0.499999,0.99913,0.0416495,0.499998,0.998772,0.0495356,0.5
18.9,2.56058,0.0311909,3.27876,0.998727,-0.0504069,0.499999,0.998299,-0.058222,0.499996,0.998728,-0.0504227,0.5
19,2.56369,-0.224867,3.31155,0.988706,-0.149861,0.499999,0.987486,-0.157511,0.499969,0.988705,-0.149877,0.5
19.1,2.54121,-0.481236,3.34466,0.968805,-0.247819,0.499999,0.966797,-0.255225,0.499918,0.968802,-0.247834,0.5
19.2,2.49308,-0.735357,3.37811,0.939225,-0.343299,0.499999,0.936441,-0.350387,0.499846,0.93922,-0.343315,0.5
19.3,2.41955,-0.984665,3.41189,0.90026,-0.43535,0.499999,0.89672,-0.442045,0.499755,0.900254,-0.435365,0.5
19.4,2.32108,-1.22662,3.44601,0.8523,-0.523051,0.499999,0.848032,-0.529283,0.499649,0.852292,-0.523066,0.5
19.5,2.19842,-1.45873,3.48047,0.795824,-0.605526,0.499999,0.790863,-0.611228,0.499532,0.795815,-0.60554,0.5
19.6,2.05255,-1.67857,3.51527,0.731396,-0.681951,0.499999,0.725786,-0.68706,0.499408,0.731386,-0.681964,0.5
19.7,1.88469,-1.88383,3.55043,0.659661,-0.751562,0.499999,0.653451,-0.756022,0.499284,0.659649,-0.751573,0.5
19.8,1.69631,-2.07229,3.58593,0.581334,-0.813663,0.499999,0.574582,-0.817424,0.499163,0.581322,-0.813674,0.5
19.9,1.48908,-2.24193,3.62179,0.497199,-0.867635,0.499999,0.489966,-0.870651,0.49905,0.497186,-0.867644,0.5
20,1.26489,-2.39083,3.65801,0.408097,-0.912937,0.499999,0.400452,-0.915172,0.49895,0.408082,-0.912945,0.5
20.1,1.0258,-2.51732,3.69459,0.314916,-0.949118,0.499999,0.306932,-0.950541,0.498868,0.314901,-0.949125,0.5
20.2,0.77407,-2.6199,3.73153,0.218589,-0.975815,0.499999,0.210343,-0.976405,0.498805,0.218573,-0.975821,0.5
20.3,0.51208,-2.69731,3.76885,0.120078,-0.992763,0.499999,0.111651,-0.992505,0.498766,0.120062,-0.992766,0.5
20.4,0.242349,-2.74852,3.80654,0.0203678,-0.999791,0.499999,0.0118424,-0.998679,0.49875,0.0203508,-0.999793,0.5
20.5,-0.0325023,-2.77275,3.8446,-0.0795465,-0.99683,0.499999,-0.0880847,-0.994867,0.49876,-0.0795636,-0.99683,0.5
20.6,-0.309777,-2.7695,3.88305,-0.178666,-0.983908,0.499999,-0.187131,-0.981106,0.498794,-0.178683,-0.983907,0.5
20.7,-0.586728,-2.73852,3.92188,-0.276,-0.961156,0.499999,-0.284306,-0.957534,0.498851,-0.276017,-0.961153,0.5
20.8,-0.86058,-2.67985,3.9611,-0.370577,-0.9288,0.499999,-0.378638,-0.924387,0.498929,-0.370593,-0.928795,0.5
20.9,-1.12857,-2.59379,4.00071,-0.461451,-0.887164,0.499999,-0.469183,-0.881996,0.499025,-0.461467,-0.887158,0.5
21,-1.38794,-2.48094,4.04072,-0.547714,-0.836664,0.499999,-0.555037,-0.830785,0.499135,-0.547729,-0.836656,0.5
21.1,-1.63604,-2.34214,4.08112,-0.628505,-0.777804,0.499999,-0.63534,-0.771266,0.499255,-0.628519,-0.777794,0.5
21.2,-1.87025,-2.17854,4.12194,-0.703015,-0.711173,0.499999,-0.70929,-0.704035,0.499379,-0.703029,-0.711161,0.5
21.3,-2.08811,-1.99151,4.16316,-0.770502,-0.637435,0.499999,-0.776147,-0.629763,0.499503,-0.770514,-0.637423,0.5
21.4,-2.28726,-1.7827,4.20479,-0.83029,-0.557329,0.499999,-0.835243,-0.549193,0.499622,-0.830301,-0.557315,0.5
21.5,-2.46553,-1.55398,4.24683,-0.881782,-0.471654,0.499999,-0.885986,-0.463132,0.499731,-0.881792,-0.471639,0.5
21.6,-2.62093,-1.30742,4.2893,-0.924464,-0.381267,0.499999,-0.927869,-0.372439,0.499826,-0.924472,-0.38125,0.5
21.7,-2.75167,-1.04533,4.3322,-0.957908,-0.287069,0.499998,-0.960474,-0.278022,0.499903,-0.957915,-0.287053,0.5
21.8,-2.8562,-0.770165,4.37552,-0.981782,-0.190004,0.499998,-0.983474,-0.180825,0.499959,-0.981787,-0.189987,0.5
21.9,-2.93322,-0.484544,4.41927,-0.995846,-0.0910404,0.499998,-0.996639,-0.0818189,0.499992,-0.995849,-0.0910224,0.5
22,-2.98167,-0.191223,4.46347,-0.999959,0.00883303,0.499998,-0.999837,0.0180049,0.5,-0.999961,0.00885131,0.5
22.1,-3.00079,0.106944,4.5081,-0.994082,0.108618,0.499998,-0.993038,0.117649,0.499983,-0.994082,0.108637,0.5
22.2,-2.9901,0.407024,4.55318,-0.978272,0.207318,0.499998,-0.976308,0.216116,0.499941,-0.97827,0.207336,0.5
22.3,-2.9494,0.706034,4.59871,-0.952687,0.303946,0.499998,-0.949815,0.312422,0.499878,-0.952683,0.303965,0.5
22.4,-2.87879,1.00097,4.6447,-0.917584,0.397538,0.499998,-0.913823,0.405604,0.499794,-0.917578,0.397556,0.5
22.5,-2.7787,1.28885,4.69115,-0.873312,0.487157,0.499998,-0.868694,0.49473,0.499693,-0.873305,0.487175,0.5
22.6,-2.64981,1.56672,4.73806,-0.820315,0.571909,0.499998,-0.814877,0.578908,0.49958,-0.820305,0.571926,0.5
22.7,-2.49314,1.8317,4.78544,-0.759121,0.650947,0.499998,-0.752912,0.657298,0.499459,-0.75911,0.650962,0.5
22.8,-2.30997,2.08102,4.83329,-0.690342,0.723481,0.499998,-0.683418,0.729114,0.499334,-0.69033,0.723495,0.5
22.9,-2.10187,2.31201,4.88163,-0.614666,0.788785,0.499998,-0.607089,0.79364,0.499211,-0.614652,0.788798,0.5
23,-1.87067,2.5222,4.93044,-0.532848,0.846209,0.499998,-0.52469,0.850229,0.499094,-0.532833,0.84622,0.5
23.1,-1.61845,2.70927,4.97975,-0.445706,0.895177,0.499998,-0.437044,0.898315,0.498989,-0.44569,0.895187,0.5
23.2,-1.34752,2.87111,5.02955,-0.354111,0.935202,0.499998,-0.345027,0.937419,0.498899,-0.354094,0.93521,0.5
23.3,-1.06041,3.00586,5.07984,-0.258978,0.965882,0.499998,-0.24956,0.967148,0.498828,-0.25896,0.965888,0.5
23.4,-0.759821,3.1119,5.13064,-0.161257,0.986911,0.499998,-0.151597,0.987206,0.498779,-0.161238,0.986916,0.5
23.5,-0.44863,3.18789,5.18195,-0.0619247,0.998079,0.499998,-0.0521186,0.997392,0.498753,-0.0619053,0.998082,0.5
23.6,-0.129842,3.23275,5.23376,0.0380263,0.999275,0.499998,0.0478812,0.997604,0.498753,0.0380459,0.999276,0.5
23.7,0.193433,3.24573,5.2861,0.137597,0.990487,0.499998,0.147402,0.98784,0.498777,0.137617,0.990486,0.5
23.8,0.518007,3.22639,5.33896,0.235793,0.971802,0.499998,0.245449,0.968197,0.498825,0.235813,0.971798,0.5
23.9,0.840646,3.17459,5.39235,0.331634,0.943406,0.499998,0.341042,0.938872,0.498895,0.331653,0.943401,0.5
24,1.1581,3.09053,5.44628,0.42416,0.905585,0.499998,0.433224,0.900159,0.498985,0.424179,0.905578,0.5
24.1,1.46716,2.97471,5.50074,0.512449,0.858716,0.499998,0.521073,0.852444,0.499089,0.512467,0.858707,0.5
24.2,1.76463,2.828,5.55575,0.595617,0.803266,0.499998,0.603712,0.796205,0.499206,0.595634,0.803256,0.5
24.3,2.04743,2.65154,5.6113,0.672834,0.739791,0.499998,0.680314,0.732004,0.499329,0.67285,0.739779,0.5
24.4,2.31258,2.44679,5.66742,0.743329,0.668924,0.499998,0.750113,0.660482,0.499453,0.743344,0.66891,0.5
24.5,2.55726,2.21554,5.72409,0.806396,0.591373,0.499998,0.812411,0.582356,0.499575,0.806409,0.591358,0.5
24.6,2.77882,1.95981,5.78133,0.861406,0.507913,0.499998,0.866584,0.498406,0.499689,0.861418,0.507897,0.5
24.7,2.9748,1.68193,5.83915,0.907809,0.419379,0.499998,0.912092,0.409473,0.49979,0.90782,0.419361,0.5
24.8,3.14299,1.38445,5.89754,0.945142,0.326654,0.499998,0.948479,0.316444,0.499875,0.945151,0.326635,0.5
24.9,3.28143,1.07015,5.95651,0.973031,0.230665,0.499998,0.975381,0.220251,0.499939,0.973038,0.230646,0.5
25,3.38845,0.742006,6.01608,0.991198,0.132372,0.499998,0.992529,0.121855,0.499981,0.991203,0.132352,0.5
25.1,3.46265,0.403161,6.07624,0.999462,0.0327562,0.499998,0.999752,0.0222414,0.499999,0.999464,0.0327354,0.5
25.2,3.50297,0.056896,6.137,0.997739,-0.0671871,0.499998,0.996977,-0.0775951,0.499992,0.997739,-0.0672081,0.5
25.3,3.50865,-0.293401,6.19837,0.986047,-0.166459,0.499998,0.984233,-0.176656,0.499961,0.986045,-0.16648,0.5
25.4,3.47931,-0.644266,6.26035,0.964502,-0.264068,0.499998,0.961646,-0.27395,0.499906,0.964498,-0.264089,0.5
25.5,3.41489,-0.992198,6.32296,0.933321,-0.359038,0.499998,0.929443,-0.368504,0.49983,0.933315,-0.359058,0.5
25.6,3.31567,-1.33369,6.38619,0.892814,-0.450421,0.499998,0.887945,-0.459373,0.499736,0.892806,-0.450441,0.5
25.7,3.1823,-1.66525,6.45005,0.843387,-0.537303,0.499998,0.837568,-0.545649,0.499627,0.843377,-0.537322,0.5
25.8,3.01577,-1.98348,6.51455,0.785533,-0.618817,0.499998,0.778816,-0.626468,0.499508,0.785521,-0.618835,0.5
25.9,2.81743,-2.28506,6.5797,0.71983,-0.694148,0.499998,0.712275,-0.701023,0.499384,0.719816,-0.694165,0.5
26,2.58892,-2.5668,6.64549,0.646935,-0.762543,0.499998,0.638611,-0.768567,0.49926,0.646919,-0.762558,0.5
26.1,2.33224,-2.8257,6.71195,0.567575,-0.823319,0.499998,0.558561,-0.828426,0.49914,0.567559,-0.823333,0.5
26.2,2.04967,-3.05892,6.77907,0.482545,-0.875869,0.499998,0.472926,-0.88,0.49903,0.482527,-0.875881,0.5
26.3,1.74378,-3.26389,6.84686,0.392694,-0.919667,0.499998,0.382561,-0.922774,0.498933,0.392674,-0.919678,0.5
26.4,1.41739,-3.43826,6.91533,0.298918,-0.954277,0.499998,0.288371,-0.956321,0.498854,0.298898,-0.954285,0.5
26.5,1.07356,-3.58,6.98448,0.202156,-0.979351,0.499998,0.191297,-0.980305,0.498796,0.202135,-0.979358,0.5
26.6,0.715563,-3.68736,7.05432,0.103374,-0.994641,0.499998,0.0923101,-0.994485,0.498761,0.103353,-0.994645,0.5
26.7,0.346827,-3.75892,7.12487,0.00355971,-0.999992,0.499998,-0.00759991,-0.99872,0.49875,0.00353755,-0.999994,0.5
26.8,-0.0290645,-3.7936,7.19612,-0.0962906,-0.995351,0.499998,-0.107434,-0.992969,0.498764,-0.0963129,-0.995351,0.5
26.9,-0.408424,-3.79069,7.26808,-0.195179,-0.980766,0.499998,-0.206194,-0.977287,0.498803,-0.195201,-0.980763,0.5
27,-0.787494,-3.74985,7.34076,-0.292117,-0.956381,0.499998,-0.302891,-0.951833,0.498865,-0.292139,-0.956376,0.5
27.1,-1.16248,-3.6711,7.41417,-0.386136,-0.92244,0.499998,-0.39656,-0.91686,0.498947,-0.386158,-0.922433,0.5
27.2,-1.52959,-3.55485,7.48831,-0.476297,-0.879282,0.499998,-0.486263,-0.872719,0.499046,-0.476318,-0.879273,0.5
27.3,-1.88507,-3.40189,7.56319,-0.561699,-0.827339,0.499998,-0.571104,-0.819851,0.499158,-0.561719,-0.827328,0.5
27.4,-2.22526,-3.21339,7.63882,-0.641489,-0.767129,0.499998,-0.650234,-0.758784,0.499279,-0.641508,-0.767116,0.5
27.5,-2.5466,-2.99086,7.71521,-0.71487,-0.699255,0.499998,-0.722861,-0.690129,0.499403,-0.714887,-0.69924,0.5
27.6,-2.84569,-2.7362,7.79236,-0.781107,-0.624394,0.499998,-0.78826,-0.614573,0.499527,-0.781123,-0.624377,0.5
27.7,-3.11931,-2.45163,7.87029,-0.83954,-0.543294,0.499998,-0.845776,-0.532872,0.499644,-0.839554,-0.543276,0.5
27.8,-3.36447,-2.1397,7.94899,-0.889585,-0.456766,0.499998,-0.894834,-0.445841,0.499751,-0.889597,-0.456746,0.5
27.9,-3.57844,-1.80325,8.02848,-0.930741,-0.365673,0.499998,-0.934944,-0.354352,0.499843,-0.930751,-0.365653,0.5
28,-3.75877,-1.44541,8.10876,-0.962598,-0.270928,0.499998,-0.965704,-0.25932,0.499916,-0.962606,-0.270906,0.5
28.1,-3.90331,-1.06953,8.18985,-0.984836,-0.173475,0.499998,-0.986808,-0.161694,0.499967,-0.984842,-0.173452,0.5
28.2,-4.01026,-0.679202,8.27175,-0.997235,-0.0742887,0.499998,-0.998043,-0.0624516,0.499995,-0.997239,-0.0742654,0.5
28.3,-4.07818,-0.278176,8.35447,-0.999669,0.0256398,0.499998,-0.999298,0.0374154,0.499998,-0.999671,0.0256633,0.5
28.4,-4.106,0.129642,8.43801,-0.992115,0.125312,0.499998,-0.99056,0.136908,0.499977,-0.992114,0.125336,0.5
28.5,-4.09303,0.540242,8.52239,-0.974649,0.223732,0.499998,-0.971916,0.235032,0.499931,-0.974645,0.223756,0.5
28.6,-4.03901,0.949546,8.60762,-0.947444,0.319917,0.499998,-0.943554,0.330806,0.499863,-0.947438,0.31994,0.5
28.7,-3.94405,1.35345,8.69369,-0.910772,0.412905,0.499998,-0.905755,0.423271,0.499775,-0.910764,0.412928,0.5
28.8,-3.80871,1.74785,8.78063,-0.865,0.501768,0.499998,-0.858899,0.511504,0.499672,-0.86499,0.501789,0.5
28.9,-3.63392,2.12872,8.86844,-0.810586,0.585617,0.499998,-0.803454,0.594622,0.499557,-0.810573,0.585637,0.5
29,-3.42105,2.49212,8.95712,-0.748072,0.663615,0.499998,-0.739975,0.671793,0.499434,-0.748058,0.663634,0.5
29.1,-3.17184,2.83422,9.04669,-0.678084,0.734982,0.499998,-0.669096,0.742247,0.49931,-0.678068,0.735,0.5
29.2,-2.88842,3.1514,9.13716,-0.601321,0.799005,0.499998,-0.591526,0.805278,0.499187,-0.601302,0.799021,0.5
29.3,-2.57328,3.44025,9.22853,-0.518549,0.855045,0.499998,-0.50804,0.860256,0.499073,-0.518529,0.85506,0.5
29.4,-2.22925,3.69757,9.32082,-0.430597,0.902542,0.499998,-0.419475,0.906632,0.49897,-0.430575,0.902555,0.5
29.5,-1.8595,3.9205,9.41402,-0.338342,0.941021,0.499998,-0.326714,0.943941,0.498883,-0.338319,0.941031,0.5
29.6,-1.46745,4.10645,9.50816,-0.242706,0.970098,0.499998,-0.230686,0.971811,0.498817,-0.242683,0.970106,0.5
29.7,-1.0568,4.25319,9.60325,-0.144645,0.989481,0.499998,-0.132352,0.989963,0.498772,-0.144621,0.989487,0.5
29.8,-0.631482,4.35887,9.69928,-0.0451395,0.998979,0.499998,-0.0326937,0.998215,0.498751,-0.0451149,0.998982,0.5
29.9,-0.195595,4.42202,9.79627,0.0548174,0.998494,0.499998,0.0672913,0.996485,0.498756,0.0548423,0.998495,0.5
30,0.246608,4.44158,9.89423,0.154227,0.988033,0.499998,0.166603,0.984791,0.498785,0.154251,0.988032,0.5
30.1,0.690766,4.41692,9.99318,0.252095,0.9677,0.499998,0.264249,0.963248,0.498837,0.252119,0.967696,0.5
30.2,1.13246,4.34784,10.0931,0.347444,0.937698,0.499998,0.359253,0.932073,0.498911,0.347468,0.937692,0.5
30.3,1.56724,4.2346,10.194,0.439322,0.898327,0.499998,0.450664,0.891577,0.499004,0.439345,0.898318,0.5
30.4,1.9907,4.07787,10.296,0.52681,0.849981,0.499998,0.537568,0.842165,0.499111,0.526833,0.849969,0.5
30.5,2.39849,3.8788,10.3989,0.609035,0.793141,0.499998,0.619097,0.784332,0.499229,0.609056,0.793127,0.5
30.6,2.78637,3.63896,10.5029,0.685174,0.728377,0.499998,0.694435,0.718656,0.499353,0.685194,0.728361,0.5
30.7,3.15027,3.36032,10.608,0.754467,0.656335,0.499998,0.762828,0.645792,0.499477,0.754485,0.656317,0.5
30.8,3.4863,3.04529,10.714,0.816222,0.577735,0.499998,0.823593,0.566471,0.499598,0.816239,0.577715,0.5
30.9,3.79083,2.69666,10.8212,0.869821,0.493362,0.499998,0.876122,0.481486,0.499709,0.869836,0.493341,0.5
31,4.06049,2.31758,10.9294,0.91473,0.40406,0.499998,0.91989,0.391685,0.499808,0.914742,0.404038,0.5
31.1,4.29225,1.91153,11.0387,0.950499,0.310721,0.499998,0.954459,0.297967,0.499889,0.950509,0.310697,0.5
31.2,4.4834,1.4823,11.1491,0.976771,0.214277,0.499998,0.979484,0.20127,0.499949,0.976778,0.214253,0.5
31.3,4.63163,1.03396,11.2606,0.993283,0.115693,0.499998,0.994714,0.10256,0.499987,0.993288,0.115667,0.5
31.4,4.73503,0.570801,11.3732,0.999871,0.0159519,0.499998,0.999996,0.00282492,0.5,0.999873,0.0159259,0.5
31.5,4.79211,0.097298,11.4869,0.996468,-0.0839482,0.499998,0.995279,-0.0969388,0.499988,0.996468,-0.0839745,0.5
31.6,4.80184,-0.381913,11.6018,0.983109,-0.18301,0.499998,0.980608,-0.195733,0.499952,0.983106,-0.183036,0.5
31.7,4.76365,-0.862097,11.7178,0.959927,-0.280242,0.499998,0.956132,-0.29257,0.499893,0.959922,-0.280268,0.5
31.8,4.67744,-1.33846,11.835,0.927154,-0.374675,0.499998,0.922094,-0.386481,0.499813,0.927146,-0.3747,0.5
31.9,4.54359,-1.80621,11.9533,0.885117,-0.465364,0.499998,0.878836,-0.476528,0.499715,0.885107,-0.465388,0.5
32,4.36297,-2.26057,12.0728,0.834236,-0.551403,0.499998,0.826789,-0.561809,0.499604,0.834223,-0.551427,0.5
32.1,4.13692,-2.69686,12.1936,0.77502,-0.631933,0.499998,0.766474,-0.641472,0.499484,0.775005,-0.631955,0.5
32.2,3.86723,-3.11055,12.3155,0.70806,-0.706149,0.499998,0.698494,-0.714721,0.49936,0.708043,-0.706169,0.5
32.3,3.55617,-3.49728,12.4387,0.634026,-0.773309,0.499998,0.62353,-0.780822,0.499236,0.634006,-0.773328,0.5
32.4,3.20645,-3.85289,12.5631,0.553656,-0.832743,0.499998,0.54233,-0.839115,0.499118,0.553635,-0.832759,0.5
32.5,2.82116,-4.17354,12.6887,0.467755,-0.883856,0.499998,0.455707,-0.889017,0.49901,0.467732,-0.88387,0.5
32.6,2.4038,-4.45566,12.8156,0.37718,-0.926138,0.499998,0.364526,-0.930028,0.498916,0.377155,-0.92615,0.5
32.7,1.95824,-4.69604,12.9437,0.282836,-0.959166,0.499998,0.269701,-0.96174,0.498841,0.28281,-0.959176,0.5
32.8,1.48863,-4.89186,13.0732,0.185666,-0.982611,0.499998,0.172179,-0.983834,0.498787,0.18564,-0.982618,0.5
32.9,0.999448,-5.04072,13.2039,0.0866412,-0.996237,0.499998,0.0729343,-0.996089,0.498757,0.0866142,-0.996242,0.5
33,0.495376,-5.14067,13.3359,-0.0132493,-0.99991,0.499998,-0.0270393,-0.998384,0.498751,-0.0132767,-0.999912,0.5
33.1,-0.0186906,-5.19021,13.4693,-0.113007,-0.993592,0.499998,-0.126743,-0.990695,0.49877,-0.113035,-0.993591,0.5
33.2,-0.537711,-5.18834,13.604,-0.211636,-0.977346,0.499998,-0.225178,-0.973099,0.498813,-0.211664,-0.977343,0.5
33.3,-1.05654,-5.13457,13.74,-0.308151,-0.951335,0.499998,-0.321362,-0.945772,0.498879,-0.308178,-0.951329,0.5
33.4,-1.57,-5.02891,13.8774,-0.401586,-0.915819,0.499998,-0.414333,-0.908987,0.498965,-0.401613,-0.91581,0.5
33.5,-2.07289,-4.87191,14.0162,-0.491009,-0.871152,0.499998,-0.50316,-0.863113,0.499066,-0.491035,-0.87114,0.5
33.6,-2.56008,-4.66462,14.1564,-0.575526,-0.81778,0.499998,-0.586955,-0.808607,0.499181,-0.57555,-0.817766,0.5
33.7,-3.02655,-4.40861,14.2979,-0.654293,-0.756238,0.499998,-0.664881,-0.746015,0.499303,-0.654316,-0.756222,0.5
33.8,-3.46741,-4.10596,14.4409,-0.726522,-0.68714,0.499998,-0.736158,-0.675963,0.499427,-0.726543,-0.687121,0.5
33.9,-3.878,-3.75922,14.5853,-0.791492,-0.611176,0.499998,-0.800074,-0.599151,0.49955,-0.791511,-0.611155,0.5
34,-4.25392,-3.37142,14.7312,-0.848553,-0.529105,0.499998,-0.855988,-0.516348,0.499666,-0.84857,-0.529083,0.5
34.1,-4.59107,-2.94603,14.8785,-0.897136,-0.441748,0.499998,-0.903343,-0.428382,0.49977,-0.897151,-0.441724,0.5
34.2,-4.88567,-2.48692,15.0273,-0.936756,-0.349977,0.499998,-0.941665,-0.336131,0.499858,-0.936768,-0.349951,0.5
34.3,-5.13436,-1.99835,15.1775,-0.967015,-0.254709,0.499998,-0.97057,-0.24052,0.499928,-0.967025,-0.254682,0.5
34.4,-5.3342,-1.48492,15.3293,-0.987613,-0.156896,0.499998,-0.989769,-0.142503,0.499975,-0.987619,-0.156869,0.5
34.5,-5.48269,-0.951496,15.4826,-0.998342,-0.0575159,0.499998,-0.99907,-0.0430607,0.499998,-0.998346,-0.0574875,0.5
34.6,-5.57784,-0.403227,15.6374,-0.999097,0.0424392,0.499998,-0.998381,0.0568119,0.499996,-0.999098,0.042468,0.5
34.7,-5.61816,0.154556,15.7938,-0.989868,0.14197,0.499998,-0.987708,0.156116,0.499969,-0.989867,0.141999,0.5
34.8,-5.6027,0.716372,15.9517,-0.97075,0.240083,0.499998,-0.967158,0.25386,0.499919,-0.970745,0.240112,0.5
34.9,-5.53107,1.27664,16.1113,-0.941932,0.335797,0.499998,-0.936936,0.349064,0.499847,-0.941924,0.335825,0.5
35,-5.4034,1.82975,16.2724,-0.903702,0.428155,0.499998,-0.897345,0.440778,0.499757,-0.903692,0.428183,0.5
35.1,-5.22043,2.37009,16.4351,-0.856444,0.516236,0.499998,-0.84878,0.528084,0.499651,-0.856431,0.516262,0.5
35.2,-4.98342,2.89213,16.5994,-0.800627,0.599159,0.499998,-0.791728,0.61011,0.499534,-0.800612,0.599183,0.5
35.3,-4.69421,3.39047,16.7654,-0.736812,0.676095,0.499998,-0.726758,0.686034,0.49941,-0.736794,0.676118,0.5
35.4,-4.35516,3.85989,16.9331,-0.665634,0.746275,0.499998,-0.654521,0.755098,0.499285,-0.665613,0.746297,0.5
35.5,-3.96917,4.29541,17.1024,-0.587805,0.808999,0.499998,-0.575739,0.816611,0.499164,-0.587783,0.809019,0.5
35.6,-3.53963,4.69233,17.2734,-0.504104,0.86364,0.499998,-0.491199,0.869958,0.499052,-0.504079,0.863657,0.5
35.7,-3.07039,5.04629,17.4462,-0.415365,0.909652,0.499998,-0.401747,0.914605,0.498952,-0.415339,0.909667,0.5
35.8,-2.56577,5.35333,17.6206,-0.322476,0.946575,0.499998,-0.308278,0.950107,0.498869,-0.322449,0.946587,0.5
35.9,-2.03043,5.60991,17.7969,-0.226366,0.97404,0.499998,-0.211726,0.976107,0.498806,-0.226337,0.974049,0.5
36,-1.46944,5.81295,17.9748,-0.127993,0.991773,0.499998,-0.113056,0.992346,0.498766,-0.127964,0.991779,0.5
36.1,-0.888147,5.95989,18.1546,-0.0283416,0.999596,0.499997,-0.0132565,0.998661,0.49875,-0.0283117,0.999599,0.5
36.2,-0.292158,6.04871,18.3361,0.0715929,0.997431,0.499997,0.0866759,0.99499,0.498759,0.0716231,0.997432,0.5
36.3,0.312713,6.07792,18.5195,0.170812,0.985301,0.499997,0.185742,0.98137,0.498793,0.170842,0.985298,0.5
36.4,0.920506,6.04665,18.7047,0.268325,0.963326,0.499997,0.28295,0.957935,0.49885,0.268355,0.96332,0.5
36.5,1.52517,5.9546,18.8917,0.363156,0.931726,0.499997,0.377329,0.924921,0.498928,0.363185,0.931717,0.5
36.6,2.12063,5.80209,19.0806,0.454359,0.890816,0.499997,0.467934,0.882658,0.499024,0.454387,0.890804,0.5
36.7,2.70084,5.59002,19.2714,0.541022,0.841005,0.499997,0.55386,0.831568,0.499133,0.541049,0.840991,0.5
36.8,3.25984,5.31994,19.4642,0.62228,0.782792,0.499997,0.634248,0.772163,0.499253,0.622305,0.782775,0.5
36.9,3.79184,4.99395,19.6588,0.69732,0.716757,0.499997,0.708293,0.705036,0.499377,0.697344,0.716737,0.5
37,4.29123,4.61477,19.8554,0.765392,0.64356,0.499997,0.775255,0.630858,0.499501,0.765414,0.643538,0.5
37.1,4.75271,4.18565,20.0539,0.825817,0.563933,0.499997,0.834464,0.550373,0.49962,0.825837,0.563909,0.5
37.2,5.17127,3.71038,20.2545,0.877991,0.478672,0.499997,0.885329,0.464383,0.49973,0.878008,0.478646,0.5
37.3,5.54231,3.19325,20.457,0.921392,0.388628,0.499997,0.927341,0.373749,0.499825,0.921406,0.3886,0.5
37.4,5.86164,2.63902,20.6616,0.955587,0.294701,0.499997,0.960079,0.279378,0.499902,0.955599,0.294672,0.5
37.5,6.12554,2.05285,20.8682,0.980234,0.197829,0.499997,0.983217,0.182213,0.499958,0.980243,0.197799,0.5
37.6,6.33082,1.4403,21.0769,0.995087,0.0989805,0.499997,0.996522,0.0832266,0.499991,0.995092,0.0989497,0.5
37.7,6.47485,0.807219,21.2877,0.999997,-0.00085685,0.499997,0.999862,-0.0165926,0.5,1,-0.000888157,0.5
37.8,6.55557,0.159733,21.5005,0.994916,-0.100686,0.499997,0.993203,-0.116246,0.499983,0.994915,-0.100717,0.5
37.9,6.57155,-0.495824,21.7155,0.979893,-0.199508,0.499997,0.976613,-0.214737,0.499942,0.97989,-0.19954,0.5
38,6.52197,-1.15298,21.9327,0.95508,-0.296338,0.499997,0.950256,-0.31108,0.499879,0.955074,-0.296369,0.5
38.1,6.40667,-1.80518,22.152,0.920725,-0.390206,0.499997,0.914397,-0.404313,0.499795,0.920715,-0.390236,0.5
38.2,6.22615,-2.44584,22.3735,0.877169,-0.480176,0.499997,0.869394,-0.493502,0.499695,0.877156,-0.480205,0.5
38.3,5.98157,-3.06846,22.5973,0.82485,-0.565348,0.499997,0.815696,-0.577757,0.499582,0.824834,-0.565375,0.5
38.4,5.67472,-3.66661,22.8233,0.764288,-0.644871,0.499997,0.753842,-0.656234,0.49946,0.76427,-0.644897,0.5
38.5,5.30806,-4.23409,23.0515,0.69609,-0.71795,0.499997,0.68445,-0.728148,0.499336,0.696069,-0.717975,0.5
38.6,4.88465,-4.76489,23.282,0.620937,-0.783857,0.499997,0.608212,-0.792781,0.499212,0.620914,-0.783879,0.5
38.7,4.40816,-5.25336,23.5148,0.53958,-0.841931,0.499997,0.525893,-0.849487,0.499096,0.539555,-0.841951,0.5
38.8,3.88283,-5.69417,23.75,0.452832,-0.891593,0.499997,0.438315,-0.897697,0.49899,0.452804,-0.89161,0.5
38.9,3.31341,-6.08246,23.9875,0.361559,-0.932346,0.499997,0.346354,-0.936931,0.4989,0.36153,-0.932361,0.5
39,2.70516,-6.4138,24.2273,0.266673,-0.963784,0.499997,0.250929,-0.966795,0.498829,0.266643,-0.963795,0.5
39.1,2.06378,-6.68431,24.4696,0.169123,-0.985592,0.499997,0.152995,-0.986991,0.498779,0.169092,-0.9856,0.5
39.2,1.39535,-6.89069,24.7143,0.0698835,-0.997552,0.499997,0.0535308,-0.997317,0.498754,0.0698512,-0.997557,0.5
39.3,0.706283,-7.03023,24.9615,-0.0300546,-0.999546,0.499997,-0.0464685,-0.99767,0.498753,-0.0300873,-0.999547,0.5
39.4,0.00325992,-7.10085,25.2111,-0.129692,-0.991552,0.499997,-0.146003,-0.988047,0.498777,-0.129725,-0.99155,0.5
39.5,-0.706825,-7.10118,25.4632,-0.228034,-0.97365,0.499997,-0.244078,-0.968543,0.498824,-0.228067,-0.973645,0.5
39.6,-1.41694,-7.0305,25.7178,-0.324098,-0.946021,0.499997,-0.339712,-0.939353,0.498894,-0.32413,-0.946013,0.5
39.7,-2.11999,-6.8888,25.975,-0.416923,-0.908939,0.499997,-0.431949,-0.90077,0.498983,-0.416954,-0.908927,0.5
39.8,-2.80887,-6.6768,26.2347,-0.505583,-0.862775,0.499997,-0.519866,-0.853179,0.499088,-0.505613,-0.862761,0.5
39.9,-3.47655,-6.39592,26.4971,-0.589191,-0.807991,0.499997,-0.602584,-0.797057,0.499204,-0.589219,-0.807973,0.5
40,-4.11615,-6.04826,26.7621,-0.666911,-0.745133,0.499997,-0.679277,-0.732964,0.499327,-0.666938,-0.745113,0.5
40.1,-4.72097,-5.63665,27.0297,-0.737969,-0.674831,0.499997,-0.749177,-0.661541,0.499452,-0.737993,-0.674808,0.5
40.2,-5.28464,-5.16455,27.3,-0.801653,-0.597785,0.499997,-0.811585,-0.583503,0.499573,-0.801675,-0.59776,0.5
40.3,-5.80109,-4.63609,27.573,-0.857327,-0.514767,0.499997,-0.865878,-0.49963,0.499687,-0.857346,-0.51474,0.5
40.4,-6.2647,-4.05598,27.8487,-0.904435,-0.426606,0.499997,-0.911511,-0.41076,0.499789,-0.904451,-0.426577,0.5
40.5,-6.6703,-3.42951,28.1272,-0.942506,-0.334182,0.499997,-0.94803,-0.317783,0.499873,-0.942519,-0.334151,0.5
40.6,-7.01325,-2.76248,28.4085,-0.97116,-0.238419,0.499997,-0.975068,-0.221628,0.499938,-0.97117,-0.238387,0.5
40.7,-7.2895,-2.06115,28.6925,-0.99011,-0.140274,0.499997,-0.992356,-0.123257,0.499981,-0.990117,-0.140241,0.5
40.8,-7.49561,-1.3322,28.9795,-0.999167,-0.040727,0.499997,-0.99972,-0.0236535,0.499999,-0.999172,-0.0406933,0.5
40.9,-7.62883,-0.582641,29.2693,-0.998242,0.0592267,0.499997,-0.997086,0.0761868,0.499993,-0.998243,0.0592608,0.5
41,-7.6871,0.180242,29.562,-0.987342,0.158589,0.499997,-0.984482,0.175265,0.499962,-0.987339,0.158623,0.5
41.1,-7.66907,0.948951,29.8576,-0.966577,0.256366,0.499997,-0.962033,0.272591,0.499907,-0.966571,0.2564,0.5
41.2,-7.57418,1.71586,30.1562,-0.936154,0.351582,0.499997,-0.929964,0.367191,0.499831,-0.936145,0.351615,0.5
41.3,-7.40259,2.47328,30.4577,-0.896378,0.443285,0.499997,-0.888595,0.458119,0.499737,-0.896365,0.443317,0.5
41.4,-7.15526,3.21354,30.7623,-0.847645,0.530559,0.499997,-0.83834,0.544466,0.499629,-0.847629,0.530589,0.5
41.5,-6.83391,3.92906,31.0699,-0.790443,0.612531,0.499997,-0.779702,0.625368,0.49951,-0.790424,0.61256,0.5
41.6,-6.441,4.61245,31.3806,-0.725343,0.688384,0.499997,-0.713267,0.700016,0.499386,-0.725321,0.688411,0.5
41.7,-5.97976,5.25655,31.6944,-0.652996,0.757358,0.499997,-0.639699,0.767664,0.499262,-0.652971,0.757383,0.5
41.8,-5.4541,5.85453,32.0114,-0.574124,0.818765,0.499997,-0.559734,0.827636,0.499142,-0.574097,0.818787,0.5
41.9,-4.86865,6.39994,32.3315,-0.489515,0.871991,0.499997,-0.474172,0.879331,0.499031,-0.489487,0.872011,0.5
42,-4.22866,6.8868,32.6548,-0.400016,0.916505,0.499997,-0.383868,0.922233,0.498934,-0.399985,0.916522,0.5
42.1,-3.53998,7.30967,32.9813,-0.30652,0.951861,0.499997,-0.289725,0.955913,0.498855,-0.306488,0.951875,0.5
42.2,-2.80901,7.66367,33.3112,-0.209961,0.977707,0.499997,-0.192685,0.980033,0.498796,-0.209928,0.977717,0.5
42.3,-2.04264,7.94457,33.6443,-0.111305,0.993783,0.499997,-0.0937182,0.994353,0.498761,-0.11127,0.99379,0.5
42.4,-1.24819,8.14883,33.9807,-0.0115357,0.999931,0.499997,0.00618571,0.99873,0.49875,-0.0115006,0.999934,0.5
42.5,-0.433302,8.27365,34.3205,0.0883483,0.996087,0.499997,0.106028,0.993119,0.498764,0.0883837,0.996087,0.5
42.6,0.394063,8.31698,34.6637,0.18735,0.98229,0.499997,0.20481,0.977578,0.498802,0.187385,0.982287,0.5
42.7,1.22576,8.27757,35.0104,0.284479,0.958679,0.499997,0.301543,0.95226,0.498864,0.284514,0.958672,0.5
42.8,2.05352,8.155,35.3605,0.378766,0.925489,0.499997,0.395262,0.91742,0.498945,0.3788,0.925479,0.5
42.9,2.86902,7.94965,35.7141,0.469268,0.883052,0.499997,0.485027,0.873405,0.499044,0.469301,0.883038,0.5
43,3.66398,7.66274,36.0712,0.555082,0.831792,0.499997,0.569943,0.820657,0.499156,0.555113,0.831775,0.5
43.1,4.43026,7.29635,36.4319,0.635349,0.772221,0.499997,0.649159,0.759702,0.499277,0.635379,0.7722,0.5
43.2,5.15989,6.85332,36.7962,0.709269,0.704934,0.499997,0.721883,0.69115,0.499401,0.709296,0.704911,0.5
43.3,5.84522,6.33733,37.1642,0.776101,0.630604,0.499997,0.787389,0.615686,0.499525,0.776126,0.630578,0.5
43.4,6.47896,5.75281,37.5358,0.835179,0.549972,0.499997,0.84502,0.534066,0.499643,0.835202,0.549944,0.5
43.5,7.05424,5.10491,37.9112,0.885912,0.463846,0.499997,0.894202,0.447105,0.499749,0.885932,0.463816,0.5
43.6,7.56473,4.39949,38.2903,0.927794,0.373085,0.499997,0.934441,0.355672,0.499841,0.92781,0.373053,0.5
43.7,8.00468,3.64302,38.6732,0.960405,0.278597,0.499997,0.965336,0.260684,0.499915,0.960418,0.278563,0.5
43.8,8.36898,2.84255,39.06,0.98342,0.181324,0.499997,0.986578,0.163088,0.499967,0.98343,0.181289,0.5
43.9,8.65323,2.00565,39.4506,0.996609,0.0822404,0.499997,0.997954,0.0638612,0.499995,0.996616,0.0822043,0.5
44,8.8538,1.14033,39.8451,0.999841,-0.0176653,0.499997,0.99935,-0.0360039,0.499998,0.999843,-0.0177019,0.5
44.1,8.96783,0.254947,40.2435,0.993082,-0.117395,0.499997,0.990753,-0.135509,0.499977,0.993081,-0.117431,0.5
44.2,8.99333,-0.641836,40.6459,0.976401,-0.215951,0.499997,0.972248,-0.233659,0.499932,0.976396,-0.215987,0.5
44.3,8.92914,-1.54117,41.0524,0.949964,-0.312349,0.499997,0.944021,-0.329473,0.499864,0.949956,-0.312385,0.5
44.4,8.77503,-2.43408,41.4629,0.914035,-0.405627,0.499997,0.906354,-0.421991,0.499777,0.914023,-0.405662,0.5
44.5,8.53162,-3.31159,41.8776,0.868974,-0.494852,0.499997,0.859623,-0.51029,0.499674,0.868958,-0.494885,0.5
44.6,8.20046,-4.16475,42.2963,0.81523,-0.579132,0.499997,0.804296,-0.593486,0.499559,0.815211,-0.579164,0.5
44.7,7.78398,-4.98479,42.7193,0.753341,-0.657626,0.499997,0.740926,-0.670747,0.499436,0.753318,-0.657656,0.5
44.8,7.28551,-5.76319,43.1465,0.683924,-0.729549,0.499997,0.670146,-0.741301,0.499311,0.683899,-0.729577,0.5
44.9,6.70919,-6.49174,43.578,0.607674,-0.794183,0.499997,0.592665,-0.804441,0.499189,0.607646,-0.794208,0.5
45,6.06001,-7.16266,44.0137,0.525352,-0.850881,0.499997,0.509258,-0.859537,0.499074,0.525322,-0.850904,0.5
45.1,5.34375,-7.76866,44.4539,0.437781,-0.899078,0.499997,0.420758,-0.906038,0.498971,0.437749,-0.899097,0.5
45.2,4.56688,-8.30304,44.8984,0.345836,-0.938292,0.499997,0.32805,-0.943479,0.498885,0.345802,-0.938307,0.5
45.3,3.73658,-8.75973,45.3474,0.250436,-0.96813,0.499997,0.232062,-0.971484,0.498817,0.2504,-0.968142,0.5
45.4,2.8606,-9.13338,45.8009,0.152533,-0.988295,0.499997,0.133753,-0.989775,0.498772,0.152496,-0.988304,0.5
45.5,1.94727,-9.41944,46.2589,0.0531061,-0.998586,0.499997,0.0341072,-0.998168,0.498751,0.0530685,-0.998591,0.5
45.6,1.00532,-9.61417,46.7215,-0.0468514,-0.998899,0.499997,-0.0658802,-0.996579,0.498755,-0.0468893,-0.9989,0.5
45.7,0.0439038,-9.7147,47.1887,-0.146341,-0.989231,0.499997,-0.165209,-0.985025,0.498784,-0.146379,-0.989229,0.5
45.8,-0.927566,-9.71909,47.6606,-0.244368,-0.969679,0.499997,-0.262885,-0.96362,0.498836,-0.244405,-0.969673,0.5
45.9,-1.89948,-9.62634,48.1372,-0.339953,-0.940439,0.499997,-0.357933,-0.932579,0.49891,-0.33999,-0.940429,0.5
46,-2.86211,-9.43639,48.6185,-0.432142,-0.901802,0.499997,-0.449401,-0.892213,0.499002,-0.432178,-0.901788,0.5
46.1,-3.80575,-9.15018,49.1047,-0.520013,-0.854155,0.499997,-0.536375,-0.842924,0.49911,-0.520047,-0.854137,0.5
46.2,-4.72077,-8.7696,49.5958,-0.602688,-0.797973,0.499997,-0.617986,-0.785206,0.499227,-0.602721,-0.797952,0.5
46.3,-5.59773,-8.29753,50.0917,-0.679342,-0.733818,0.499997,-0.693417,-0.719636,0.499351,-0.679372,-0.733794,0.5
46.4,-6.42748,-7.73775,50.5927,-0.749207,-0.662331,0.499997,-0.761913,-0.646869,0.499476,-0.749235,-0.662304,0.5
46.5,-7.20125,-7.09501,51.0986,-0.811587,-0.584226,0.499997,-0.82279,-0.567634,0.499596,-0.811612,-0.584197,0.5
46.6,-7.91075,-6.37488,51.6096,-0.865858,-0.500284,0.499997,-0.87544,-0.482723,0.499708,-0.86588,-0.500252,0.5
46.7,-8.54824,-5.5838,52.1257,-0.911477,-0.411343,0.499997,-0.919335,-0.392984,0.499806,-0.911496,-0.411309,0.5
46.8,-9.10662,-4.72898,52.6469,-0.947989,-0.318292,0.499997,-0.954037,-0.299315,0.499888,-0.948005,-0.318257,0.5
46.9,-9.57952,-3.81832,53.1734,-0.975029,-0.222061,0.499997,-0.979198,-0.202654,0.499949,-0.975041,-0.222024,0.5
47,-9.96135,-2.86037,53.7051,-0.992327,-0.123611,0.499997,-0.994567,-0.103965,0.499986,-0.992335,-0.123573,0.5
47.1,-10.2474,-1.86423,54.2422,-0.99971,-0.0239266,0.499997,-0.999991,-0.00423737,0.5,-0.999715,-0.0238875,0.5
47.2,-10.4338,-0.839492,54.7846,-0.997105,0.0759974,0.499997,-0.995415,0.0955329,0.499989,-0.997105,0.0760367,0.5
47.3,-10.5178,0.203889,55.3324,-0.984536,0.175162,0.499997,-0.980884,0.194348,0.499953,-0.984533,0.175201,0.5
47.4,-10.4974,1.25567,55.8858,-0.962131,0.272576,0.499997,-0.956545,0.291219,0.499894,-0.962123,0.272615,0.5
47.5,-10.3718,2.3054,56.4446,-0.930112,0.367267,0.499997,-0.922641,0.385179,0.499814,-0.9301,0.367305,0.5
47.6,-10.1413,3.34258,57.0091,-0.8888,0.458289,0.499997,-0.879509,0.475286,0.499717,-0.888784,0.458325,0.5
47.7,-9.80701,4.35671,57.5792,-0.838607,0.544731,0.499997,-0.827583,0.560641,0.499606,-0.838588,0.544766,0.5
47.8,-9.37134,5.33741,58.1549,-0.780035,0.625731,0.499997,-0.767381,0.640389,0.499486,-0.780013,0.625764,0.5
47.9,-8.8376,6.27454,58.7365,-0.713669,0.700478,0.499997,-0.699506,0.713733,0.499362,-0.713644,0.700509,0.5
48,-8.21014,7.1583,59.3239,-0.640173,0.768227,0.499997,-0.624635,0.77994,0.499238,-0.640144,0.768255,0.5
48.1,-7.49431,7.97932,59.9171,-0.56028,0.828299,0.499997,-0.543517,0.838348,0.499119,-0.560249,0.828324,0.5
48.2,-6.69638,8.72875,60.5163,-0.474789,0.880096,0.499997,-0.456965,0.888372,0.499011,-0.474755,0.880118,0.5
48.3,-5.8235,9.39839,61.1214,-0.384554,0.923099,0.499997,-0.365843,0.929512,0.498917,-0.384518,0.923117,0.5
48.4,-4.88366,9.98074,61.7326,-0.290477,0.956878,0.499997,-0.271063,0.961358,0.498842,-0.29044,0.956893,0.5
48.5,-3.88559,10.4691,62.35,-0.193497,0.981097,0.499997,-0.173571,0.983589,0.498788,-0.193459,0.981108,0.5
48.6,-2.83868,10.8577,62.9735,-0.0945846,0.995513,0.499997,-0.0743447,0.995985,0.498757,-0.0945447,0.995521,0.5
48.7,-1.75291,11.1415,63.6032,0.00527339,0.999983,0.499997,0.0256256,0.998421,0.498751,0.00531384,0.999986,0.5
48.8,-0.638762,11.3168,64.2392,0.105079,0.994461,0.499997,0.12534,0.990873,0.49877,0.105119,0.99446,0.5
48.9,0.492921,11.3807,64.8816,0.203834,0.979002,0.499997,0.2238,0.973416,0.498813,0.203874,0.978997,0.5
49,1.63099,11.3314,65.5305,0.300553,0.953762,0.499997,0.320023,0.946225,0.498878,0.300593,0.953753,0.5
49.1,2.76413,11.1683,66.1858,0.394268,0.918992,0.499997,0.413045,0.909571,0.498963,0.394307,0.918979,0.5
49.2,3.88096,10.8919,66.8476,0.484045,0.875039,0.499997,0.501937,0.863822,0.499065,0.484082,0.875023,0.5
49.3,4.97015,10.5038,67.5161,0.568985,0.822344,0.499997,0.58581,0.809435,0.499179,0.56902,0.822324,0.5
49.4,6.02053,10.0068,68.1913,0.648239,0.761432,0.499997,0.663824,0.746953,0.499301,0.648273,0.761408,0.5
49.5,7.02121,9.40473,68.8732,0.721017,0.692912,0.499997,0.7352,0.677002,0.499426,0.721048,0.692885,0.5
49.6,7.96168,8.70261,69.5619,0.786591,0.617469,0.499997,0.799224,0.600281,0.499548,0.786619,0.617439,0.5
49.7,8.83194,7.90644,70.2575,0.844305,0.535856,0.499997,0.855256,0.517557,0.499664,0.84433,0.535823,0.5
49.8,9.62259,7.02325,70.9601,0.893583,0.448889,0.499997,0.902736,0.429657,0.499769,0.893605,0.448854,0.5
49.9,10.3249,6.06099,71.6697,0.933933,0.357437,0.499997,0.941188,0.337461,0.499857,0.933951,0.3574,0.5
50,10.931,5.0285,72.3864,0.964952,0.262414,0.499997,0.970228,0.24189,0.499927,0.964966,0.262375,0.5
